time,center_ci,center_cs,center_cv,center_xi,center_xv
0,0,0,0,0,0
1e-08,9.9999792510617e-11,1,9.9999992508758e-11,0.00027367807581395,0.00027367862316615
2e-08,1.9999943670855e-10,1,1.9999997003673e-10,0.00054735574572775,0.00054735720533308
3e-08,2.9999887316991e-10,1,2.9999991760371e-10,0.00082103284711094,0.0008210357055032
4e-08,3.9999807210052e-10,1,3.9999982022977e-10,0.0010947092984232,0.0010947140826796
5e-08,4.9999701358283e-10,1,4.999996629351e-10,0.0013683850451544,0.0013683922958658
6e-08,5.9999568099156e-10,1,5.9999943073997e-10,0.0016420600418048,0.0016420703040654
7e-08,6.9999405879899e-10,1,6.9999910866478e-10,0.0019157342458782,0.0019157480662824
8e-08,7.9999213184329e-10,1,7.9999868173001e-10,0.0021894076158801,0.0021894255415212
9e-08,8.9998988508471e-10,1,8.9999813495626e-10,0.0024630801106497,0.0024631026887863
1e-07,9.999873035243e-10,1,9.9999745336423e-10,0.0027367516891383,0.0027367794670826
1.1e-07,1.0999843721768e-09,1,1.0999966219748e-09,0.0030104223103343,0.0030104558354153
1.2e-07,1.1999810760617e-09,1,1.1999956258089e-09,0.0032840919332392,0.00328413175279
1.3e-07,1.2999774002e-09,1,1.2999944498876e-09,0.0035577605168588,0.0035578071782127
1.4e-07,1.3999733296135e-09,1,1.3999930792322e-09,0.0038314280202011,0.0038314820706898
1.5e-07,1.4999688493245e-09,1,1.4999914988642e-09,0.0041050944022749,0.0041051563892282
1.6e-07,1.5999639443552e-09,1,1.5999896938052e-09,0.0043787596220897,0.0043788300928351
1.7e-07,1.6999585997284e-09,1,1.6999876490769e-09,0.0046524236386556,0.0046525031405185
1.8e-07,1.7999528004669e-09,1,1.7999853497013e-09,0.0049260864109834,0.0049261754912866
1.9e-07,1.8999465315938e-09,1,1.8999827807005e-09,0.0051997478980846,0.0051998471041483
2e-07,1.9999397781324e-09,1,1.999979927097e-09,0.0054734080589711,0.0054735179381131
2.1e-07,2.0999325251063e-09,1,2.0999767739134e-09,0.0057470668526557,0.0057471879521908
2.2e-07,2.1999247575393e-09,1,2.1999733061724e-09,0.0060207242381517,0.0060208571053923
2.3e-07,2.2999164604555e-09,1,2.299969508897e-09,0.0062943801744734,0.0062945253567288
2.4e-07,2.3999076188792e-09,1,2.3999653671107e-09,0.0065680346206356,0.0065681926652121
2.5e-07,2.4998982178352e-09,1,2.4999608658368e-09,0.0068416875356539,0.006841858989855
2.6e-07,2.5998882423483e-09,1,2.5999559900993e-09,0.0071153388785448,0.0071155242896708
2.7e-07,2.6998776774438e-09,1,2.6999507249222e-09,0.0073889886083256,0.0073891885236735
2.8e-07,2.7998665081473e-09,1,2.7999450553298e-09,0.0076626366840143,0.0076628516508779
2.9e-07,2.8998547194845e-09,1,2.8999389663467e-09,0.0079362830646299,0.0079365136302999
3e-07,2.9998422964817e-09,1,2.999932442998e-09,0.0082099277091924,0.0082101744209556
3.1e-07,3.0998292241653e-09,1,3.0999254703088e-09,0.0084835705767224,0.0084838339818625
3.2e-07,3.1998154875623e-09,1,3.1999180333047e-09,0.0087572116262417,0.0087574922720386
3.3e-07,3.2998010716999e-09,1,3.2999101170115e-09,0.009030850816773,0.0090311492505029
3.4e-07,3.3997859616056e-09,1,3.3999017064556e-09,0.00930448810734,0.0093048048762755
3.5e-07,3.4997701423074e-09,1,3.4998927866633e-09,0.0095781234569673,0.0095784591083771
3.6e-07,3.5997535988336e-09,1,3.5998833426616e-09,0.0098517568246808,0.0098521119058295
3.7e-07,3.699736316213e-09,1,3.6998733594778e-09,0.010125388169507,0.010125763227656
3.8e-07,3.7997182794746e-09,1,3.7998628221395e-09,0.010399017450474,0.010399413032879
3.9e-07,3.8996994736481e-09,1,3.8998517156747e-09,0.010672644626611,0.010673061280525
4e-07,3.9996798837632e-09,1,3.9998400251118e-09,0.010946269656948,0.010946707929619
4.1e-07,4.0996594948504e-09,1,4.0998277354795e-09,0.011219892500516,0.011220352939188
4.2e-07,4.1996382919406e-09,1,4.1998148318071e-09,0.011493513116348,0.011493996268261
4.3e-07,4.2996162600648e-09,1,4.2998012991241e-09,0.011767131463478,0.011767637875865
4.4e-07,4.3995933842549e-09,1,4.3997871224606e-09,0.012040747500939,0.012041277721033
4.5e-07,4.4995696495429e-09,1,4.4997722868469e-09,0.01231436118777,0.012314915762795
4.6e-07,4.5995450409615e-09,1,4.5997567773141e-09,0.012587972483006,0.012588551960184
4.7e-07,4.6995195435439e-09,1,4.6997405788934e-09,0.012861581345687,0.012862186272234
4.8e-07,4.7994931423235e-09,1,4.7997236766167e-09,0.013135187734853,0.01313581865798
4.9e-07,4.8994658223345e-09,1,4.8997060555161e-09,0.013408791609546,0.013409449076459
5e-07,4.9994375686114e-09,1,4.9996877006245e-09,0.013682392928808,0.013683077486709
5.1e-07,5.0994083661894e-09,1,5.099668596975e-09,0.013955991651684,0.013956703847768
5.2e-07,5.1993782001041e-09,1,5.1996487296015e-09,0.014229587737219,0.014230328118678
5.3e-07,5.2993470553917e-09,1,5.299628083538e-09,0.01450318114446,0.014503950258479
5.4e-07,5.3993149170888e-09,1,5.3996066438193e-09,0.014776771832457,0.014777570226216
5.5e-07,5.4992817702327e-09,1,5.4995843954807e-09,0.015050359760259,0.015051187980933
5.6e-07,5.5992475998612e-09,1,5.5995613235579e-09,0.015323944886918,0.015324803481676
5.7e-07,5.6992123910128e-09,1,5.6995374130873e-09,0.015597527171487,0.015598416687492
5.8e-07,5.7991761287262e-09,1,5.7995126491058e-09,0.015871106573021,0.015872027557431
5.9e-07,5.8991387980412e-09,1,5.8994870166507e-09,0.016144683050577,0.016145636050544
6e-07,5.9991003839979e-09,1,5.99946050076e-09,0.016418256563212,0.016419242125882
6.1e-07,6.0990608716369e-09,1,6.0994330864724e-09,0.016691827069986,0.0166928457425
6.2e-07,6.1990202459996e-09,1,6.1994047588268e-09,0.016965394529961,0.016966446859452
6.3e-07,6.298978492128e-09,1,6.2993755028632e-09,0.0172389589022,0.017240045435795
6.4e-07,6.3989355950648e-09,1,6.3993453036218e-09,0.017512520145767,0.017513641430589
6.5e-07,6.4988915398531e-09,1,6.4993141461435e-09,0.01778607821973,0.017787234802893
6.6e-07,6.5988463115368e-09,1,6.5992820154699e-09,0.018059633083155,0.01806082551177
6.7e-07,6.6987998951606e-09,1,6.6992488966433e-09,0.018333184695114,0.018334413516282
6.8e-07,6.7987522757696e-09,1,6.7992147747064e-09,0.018606733014679,0.018607998775496
6.9e-07,6.8987034384097e-09,1,6.8991796347027e-09,0.018880278000923,0.018881581248479
7e-07,6.9986533681276e-09,1,6.9991434616763e-09,0.019153819612922,0.019155160894299
7.1e-07,7.0986020499703e-09,1,7.0991062406721e-09,0.019427357809753,0.019428737672027
7.2e-07,7.1985494689861e-09,1,7.1990679567355e-09,0.019700892550497,0.019702311540737
7.3e-07,7.2984956102235e-09,1,7.2990285949126e-09,0.019974423794234,0.019975882459502
7.4e-07,7.3984404587319e-09,1,7.3989881402503e-09,0.020247951500048,0.020249450387399
7.5e-07,7.4983839995615e-09,1,7.4989465777961e-09,0.020521475627024,0.020523015283506
7.6e-07,7.5983262177632e-09,1,7.5989038925983e-09,0.02079499613425,0.020796577106904
7.7e-07,7.6982670983885e-09,1,7.6988600697058e-09,0.021068512980816,0.021070135816674
7.8e-07,7.7982066264899e-09,1,7.7988150941683e-09,0.021342026125812,0.021343691371901
7.9e-07,7.8981447871204e-09,1,7.8987689510363e-09,0.021615535528332,0.021617243731672
8e-07,7.9980815653341e-09,1,7.9987216253608e-09,0.021889041147473,0.021890792855073
8.1e-07,8.0980169461856e-09,1,8.0986731021939e-09,0.022162542942332,0.022164338701196
8.2e-07,8.1979509147304e-09,1,8.1986233665881e-09,0.022436040872009,0.022437881229133
8.3e-07,8.2978834560247e-09,1,8.298572403597e-09,0.022709534895606,0.022711420397978
8.4e-07,8.3978145551258e-09,1,8.3985201982748e-09,0.022983024972229,0.022984956166828
8.5e-07,8.4977441970914e-09,1,8.4984667356764e-09,0.023256511060983,0.023258488494782
8.6e-07,8.5976723669804e-09,1,8.5984120008578e-09,0.023529993120977,0.023532017340941
8.7e-07,8.6975990498524e-09,1,8.6983559788755e-09,0.023803471111324,0.023805542664408
8.8e-07,8.7975242307677e-09,1,8.798298654787e-09,0.024076944991136,0.024079064424288
8.9e-07,8.8974478947876e-09,1,8.8982400136505e-09,0.024350414719529,0.024352582579689
9e-07,8.9973700269744e-09,1,8.9981800405252e-09,0.024623880255622,0.024626097089721
9.1e-07,9.0972906123909e-09,1,9.0981187204709e-09,0.024897341558535,0.024899607913497
9.2e-07,9.1972096361012e-09,1,9.1980560385485e-09,0.025170798587392,0.02517311501013
9.3e-07,9.2971270831699e-09,1,9.2979919798197e-09,0.025444251301317,0.025446618338737
9.4e-07,9.3970429386629e-09,1,9.3979265293468e-09,0.02571769965944,0.025720117858439
9.5e-07,9.4969571876466e-09,1,9.4978596721934e-09,0.025991143620889,0.025993613528356
9.6e-07,9.5968698151886e-09,1,9.5977913934237e-09,0.026264583144799,0.026267105307614
9.7e-07,9.6967808063573e-09,1,9.6977216781028e-09,0.026538018190305,0.026540593155337
9.8e-07,9.7966901462221e-09,1,9.797650511297e-09,0.026811448716545,0.026814077030656
9.9e-07,9.8965978198533e-09,1,9.8975778780731e-09,0.027084874682659,0.027087556892702
1e-06,9.9965038123222e-09,1,9.9975037634992e-09,0.027358296047791,0.02736103270061
1.01e-06,1.0096408108701e-08,1,1.0097428152644e-08,0.027631712771087,0.027634504413515
1.02e-06,1.0196310694063e-08,1,1.0197351030577e-08,0.027905124811695,0.027907971990557
1.03e-06,1.0296211553482e-08,1,1.029727238237e-08,0.028178532128766,0.028181435390877
1.04e-06,1.0396110672034e-08,1,1.0397192193093e-08,0.028451934681455,0.028454894573621
1.05e-06,1.0496008034794e-08,1,1.0497110447821e-08,0.028725332428917,0.028728349497936
1.06e-06,1.059590362684e-08,1,1.0597027131625e-08,0.028998725330313,0.02900180012297
1.07e-06,1.069579743325e-08,1,1.0696942229581e-08,0.029272113344804,0.029275246407877
1.08e-06,1.0795689439103e-08,1,1.0796855726765e-08,0.029545496431556,0.029548688311811
1.09e-06,1.089557962948e-08,1,1.0896767608253e-08,0.029818874549736,0.029822125793931
1.1e-06,1.0995467989461e-08,1,1.0996677859123e-08,0.030092247658515,0.030095558813397
1.11e-06,1.1095354504129e-08,1,1.1096586464454e-08,0.030365615717066,0.030368987329372
1.12e-06,1.1195239158568e-08,1,1.1196493409324e-08,0.030638978684567,0.030642411301024
1.13e-06,1.1295121937862e-08,1,1.1296398678815e-08,0.030912336520195,0.030915830687521
1.14e-06,1.1395002827096e-08,1,1.1396302258009e-08,0.031185689183134,0.031189245448034
1.15e-06,1.1494881811356e-08,1,1.1496204131989e-08,0.031459036632569,0.03146265554174
1.16e-06,1.1594758875732e-08,1,1.1596104285837e-08,0.031732378827688,0.031736060927816
1.17e-06,1.1694634005311e-08,1,1.169600270464e-08,0.032005715727683,0.032009461565441
1.18e-06,1.1794507185184e-08,1,1.1795899373484e-08,0.032279047291746,0.032282857413801
1.19e-06,1.1894378400442e-08,1,1.1895794277454e-08,0.032552373479078,0.032556248432082
1.2e-06,1.1994247636176e-08,1,1.1995687401641e-08,0.032825694248876,0.032829634579474
1.21e-06,1.209411487748e-08,1,1.2095578731133e-08,0.033099009560346,0.033103015815168
1.22e-06,1.2193980109448e-08,1,1.219546825102e-08,0.033372319372693,0.033376392098362
1.23e-06,1.2293843317177e-08,1,1.2295355946394e-08,0.033645623645129,0.033649763388254
1.24e-06,1.2393704485763e-08,1,1.2395241802348e-08,0.033918922336865,0.033923129644046
1.25e-06,1.2493563600303e-08,1,1.2495125803976e-08,0.034192215407119,0.034196490824942
1.26e-06,1.2593420645898e-08,1,1.2595007936373e-08,0.03446550281511,0.034469846890152
1.27e-06,1.2693275607647e-08,1,1.2694888184635e-08,0.03473878452006,0.034743197798887
1.28e-06,1.2793128470652e-08,1,1.2794766533858e-08,0.035012060481196,0.035016543510361
1.29e-06,1.2892979220016e-08,1,1.2894642969143e-08,0.035285330657747,0.035289883983793
1.3e-06,1.2992827840842e-08,1,1.2994517475589e-08,0.035558595008946,0.035563219178403
1.31e-06,1.3092674318236e-08,1,1.3094390038296e-08,0.035831853494029,0.035836549053416
1.32e-06,1.3192518637305e-08,1,1.3194260642366e-08,0.036105106072235,0.03610987356806
1.33e-06,1.3292360783156e-08,1,1.3294129272904e-08,0.036378352702808,0.036383192681565
1.34e-06,1.3392200740897e-08,1,1.3393995915013e-08,0.036651593344994,0.036656506353167
1.35e-06,1.349203849564e-08,1,1.34938605538e-08,0.036924827958043,0.036929814542102
1.36e-06,1.3591874032495e-08,1,1.3593723174371e-08,0.037198056501207,0.037203117207613
1.37e-06,1.3691707336576e-08,1,1.3693583761835e-08,0.037471278933745,0.037476414308943
1.38e-06,1.3791538392996e-08,1,1.3793442301302e-08,0.037744495214915,0.037749705805341
1.39e-06,1.3891367186871e-08,1,1.3893298777881e-08,0.038017705303982,0.038022991656059
1.4e-06,1.3991193703318e-08,1,1.3993153176686e-08,0.038290909160214,0.038296271820351
1.41e-06,1.4091017927454e-08,1,1.4093005482829e-08,0.038564106742881,0.038569546257476
1.42e-06,1.4190839844398e-08,1,1.4192855681426e-08,0.038837298011258,0.038842814926696
1.43e-06,1.4290659439272e-08,1,1.4292703757593e-08,0.039110482924624,0.039116077787276
1.44e-06,1.4390476697197e-08,1,1.4392549696446e-08,0.03938366144226,0.039389334798487
1.45e-06,1.4490291603297e-08,1,1.4492393483104e-08,0.039656833523453,0.0396625859196
1.46e-06,1.4590104142696e-08,1,1.4592235102688e-08,0.039929999127491,0.039935831109893
1.47e-06,1.4689914300521e-08,1,1.4692074540318e-08,0.040203158213668,0.040209070328645
1.48e-06,1.4789722061898e-08,1,1.4791911781117e-08,0.040476310741281,0.040482303535141
1.49e-06,1.4889527411957e-08,1,1.489174681021e-08,0.040749456669631,0.040755530688668
1.5e-06,1.4989330335828e-08,1,1.4991579612722e-08,0.041022595958021,0.041028751748518
1.51e-06,1.5089130818642e-08,1,1.5091410173779e-08,0.041295728565762,0.041301966673984
1.52e-06,1.5188928845533e-08,1,1.5191238478509e-08,0.041568854452164,0.041575175424368
1.53e-06,1.5288724401635e-08,1,1.5291064512043e-08,0.041841973576544,0.04184837795897
1.54e-06,1.5388517472083e-08,1,1.5390888259511e-08,0.042115085898223,0.042121574237099
1.55e-06,1.5488308042016e-08,1,1.5490709706045e-08,0.042388191376523,0.042394764218063
1.56e-06,1.5588096096572e-08,1,1.5590528836779e-08,0.042661289970774,0.042667947861177
1.57e-06,1.5687881620891e-08,1,1.5690345636848e-08,0.042934381640308,0.042941125125761
1.58e-06,1.5787664600115e-08,1,1.579016009139e-08,0.043207466344459,0.043214295971135
1.59e-06,1.5887445019387e-08,1,1.5889972185542e-08,0.043480544042569,0.043487460356625
1.6e-06,1.5987222863851e-08,1,1.5989781904443e-08,0.043753614693982,0.043760618241563
1.61e-06,1.6086998118655e-08,1,1.6089589233234e-08,0.044026678258045,0.044033769585282
1.62e-06,1.6186770768945e-08,1,1.6189394157059e-08,0.044299734694111,0.044306914347119
1.63e-06,1.6286540799871e-08,1,1.6289196661061e-08,0.044572783961537,0.044580052486418
1.64e-06,1.6386308196584e-08,1,1.6388996730385e-08,0.044845826019682,0.044853183962524
1.65e-06,1.6486072944235e-08,1,1.6488794350179e-08,0.045118860827913,0.045126308734788
1.66e-06,1.6585835027979e-08,1,1.658858950559e-08,0.045391888345597,0.045399426762565
1.67e-06,1.668559443297e-08,1,1.6688382181769e-08,0.045664908532109,0.045672538005212
1.68e-06,1.6785351144366e-08,1,1.6788172363868e-08,0.045937921346825,0.045945642422093
1.69e-06,1.6885105147325e-08,1,1.6887960037038e-08,0.046210926749128,0.046218739972574
1.7e-06,1.6984856427007e-08,1,1.6987745186436e-08,0.046483924698403,0.046491830616028
1.71e-06,1.7084604968573e-08,1,1.7087527797217e-08,0.046756915154041,0.046764914311828
1.72e-06,1.7184350757188e-08,1,1.7187307854538e-08,0.047029898075437,0.047037991019356
1.73e-06,1.7284093778015e-08,1,1.7287085343559e-08,0.047302873421989,0.047311060697995
1.74e-06,1.738383401622e-08,1,1.7386860249441e-08,0.047575841153102,0.047584123307133
1.75e-06,1.7483571456973e-08,1,1.7486632557345e-08,0.047848801228183,0.047857178806164
1.76e-06,1.7583306085442e-08,1,1.7586402252437e-08,0.048121753606645,0.048130227154483
1.77e-06,1.7683037886799e-08,1,1.7686169319882e-08,0.048394698247904,0.048403268311494
1.78e-06,1.7782766846217e-08,1,1.7785933744847e-08,0.048667635111383,0.0486763022366
1.79e-06,1.7882492948869e-08,1,1.78856955125e-08,0.048940564156506,0.048949328889214
1.8e-06,1.7982216179934e-08,1,1.7985454608013e-08,0.049213485342704,0.049222348228749
1.81e-06,1.8081936524587e-08,1,1.8085211016557e-08,0.049486398629413,0.049495360214625
1.82e-06,1.8181653968009e-08,1,1.8184964723307e-08,0.049759303976071,0.049768364806265
1.83e-06,1.8281368495382e-08,1,1.8284715713437e-08,0.050032201342124,0.050041361963098
1.84e-06,1.8381080091887e-08,1,1.8384463972125e-08,0.05030509068702,0.050314351644557
1.85e-06,1.848078874271e-08,1,1.8484209484549e-08,0.050577971970212,0.050587333810079
1.86e-06,1.8580494433037e-08,1,1.858395223589e-08,0.050850845151159,0.050860308419107
1.87e-06,1.8680197148056e-08,1,1.868369221133e-08,0.051123710189323,0.051133275431086
1.88e-06,1.8779896872957e-08,1,1.8783429396053e-08,0.051396567044173,0.051406234805468
1.89e-06,1.8879593592931e-08,1,1.8883163775244e-08,0.051669415675181,0.05167918650171
1.9e-06,1.8979287293173e-08,1,1.8982895334091e-08,0.051942256041823,0.051952130479272
1.91e-06,1.9078977958875e-08,1,1.9082624057783e-08,0.052215088103582,0.052225066697619
1.92e-06,1.9178665575237e-08,1,1.918234993151e-08,0.052487911819945,0.052497995116222
1.93e-06,1.9278350127456e-08,1,1.9282072940465e-08,0.052760727150404,0.052770915694555
1.94e-06,1.9378031600732e-08,1,1.9381793069842e-08,0.053033534054455,0.053043828392098
1.95e-06,1.9477709980268e-08,1,1.9481510304838e-08,0.053306332491599,0.053316733168337
1.96e-06,1.9577385251267e-08,1,1.9581224630649e-08,0.053579122421343,0.05358962998276
1.97e-06,1.9677057398936e-08,1,1.9680936032476e-08,0.053851903803199,0.053862518794861
1.98e-06,1.9776726408483e-08,1,1.9780644495519e-08,0.054124676596682,0.054135399564141
1.99e-06,1.9876392265115e-08,1,1.9880350004982e-08,0.054397440761315,0.054408272250103
2e-06,1.9976054954046e-08,1,1.998005254607e-08,0.054670196256622,0.054681136812255
2.01e-06,2.0075714460487e-08,1,2.007975210399e-08,0.054942943042137,0.054953993210113
2.02e-06,2.0175370769654e-08,1,2.017944866395e-08,0.055215681077395,0.055226841403195
2.03e-06,2.0275023866763e-08,1,2.0279142211161e-08,0.055488410321938,0.055499681351025
2.04e-06,2.0374673737034e-08,1,2.0378832730834e-08,0.055761130735312,0.055772513013133
2.05e-06,2.0474320365687e-08,1,2.0478520208184e-08,0.05603384227707,0.056045336349052
2.06e-06,2.0573963737944e-08,1,2.0578204628427e-08,0.056306544906769,0.056318151318322
2.07e-06,2.067360383903e-08,1,2.0677885976781e-08,0.05657923858397,0.056590957880486
2.08e-06,2.0773240654171e-08,1,2.0777564238465e-08,0.056851923268241,0.056863755995096
2.09e-06,2.0872874168595e-08,1,2.0877239398701e-08,0.057124598919155,0.057136545621704
2.1e-06,2.0972504367532e-08,1,2.0976911442713e-08,0.057397265496289,0.057409326719871
2.11e-06,2.1072131236214e-08,1,2.1076580355726e-08,0.057669922959228,0.057682099249163
2.12e-06,2.1171754759875e-08,1,2.1176246122966e-08,0.057942571267559,0.057954863169148
2.13e-06,2.1271374923752e-08,1,2.1275908729664e-08,0.058215210380876,0.058227618439404
2.14e-06,2.1370991713081e-08,1,2.1375568161051e-08,0.058487840258779,0.058500365019509
2.15e-06,2.1470605113104e-08,1,2.1475224402359e-08,0.058760460860871,0.058773102869052
2.16e-06,2.1570215109061e-08,1,2.1574877438823e-08,0.059033072146764,0.059045831947622
2.17e-06,2.1669821686196e-08,1,2.1674527255681e-08,0.059305674076073,0.059318552214817
2.18e-06,2.1769424829756e-08,1,2.1774173838172e-08,0.059578266608417,0.059591263630239
2.19e-06,2.1869024524987e-08,1,2.1873817171536e-08,0.059850849703425,0.059863966153496
2.2e-06,2.1968620757141e-08,1,2.1973457241017e-08,0.060123423320727,0.0601366597442
2.21e-06,2.2068213511468e-08,1,2.2073094031858e-08,0.060395987419961,0.060409344361969
2.22e-06,2.2167802773222e-08,1,2.2172727529308e-08,0.06066854196077,0.060682019966428
2.23e-06,2.226738852766e-08,1,2.2272357718614e-08,0.060941086902802,0.060954686517206
2.24e-06,2.236697076004e-08,1,2.2371984585029e-08,0.061213622205712,0.061227343973938
2.25e-06,2.246654945562e-08,1,2.2471608113804e-08,0.06148614782916,0.061499992296265
2.26e-06,2.2566124599664e-08,1,2.2571228290195e-08,0.061758663732809,0.061772631443831
2.27e-06,2.2665696177435e-08,1,2.2670845099458e-08,0.062031169876333,0.062045261376289
2.28e-06,2.27652641742e-08,1,2.2770458526854e-08,0.062303666219407,0.062317882053296
2.29e-06,2.2864828575227e-08,1,2.2870068557642e-08,0.062576152721714,0.062590493434515
2.3e-06,2.2964389365787e-08,1,2.2969675177086e-08,0.062848629342941,0.062863095479614
2.31e-06,2.3063946531151e-08,1,2.3069278370452e-08,0.063121096042784,0.063135688148267
2.32e-06,2.3163500056594e-08,1,2.3168878123006e-08,0.063393552780941,0.063408271400154
2.33e-06,2.3263049927393e-08,1,2.3268474420019e-08,0.063665999517119,0.063680845194961
2.34e-06,2.3362596128828e-08,1,2.3368067246761e-08,0.063938436211028,0.063953409492379
2.35e-06,2.3462138646178e-08,1,2.3467656588506e-08,0.064210862822386,0.064225964252106
2.36e-06,2.3561677464728e-08,1,2.356724243053e-08,0.064483279310915,0.064498509433843
2.37e-06,2.3661212569762e-08,1,2.3666824758111e-08,0.064755685636346,0.0647710449973
2.38e-06,2.3760743946568e-08,1,2.3766403556529e-08,0.065028081758412,0.065043570902191
2.39e-06,2.3860271580435e-08,1,2.3865978811066e-08,0.065300467636855,0.065316087108237
2.4e-06,2.3959795456656e-08,1,2.3965550507007e-08,0.065572843231422,0.065588593575164
2.41e-06,2.4059315560524e-08,1,2.4065118629637e-08,0.065845208501865,0.065861090262705
2.42e-06,2.4158831877335e-08,1,2.4164683164246e-08,0.066117563407943,0.066133577130596
2.43e-06,2.4258344392389e-08,1,2.4264244096124e-08,0.066389907909422,0.066406054138584
2.44e-06,2.4357853090985e-08,1,2.4363801410565e-08,0.066662241966072,0.066678521246418
2.45e-06,2.4457357958427e-08,1,2.4463355092863e-08,0.06693456553767,0.066950978413853
2.46e-06,2.4556858980019e-08,1,2.4562905128316e-08,0.067206878584,0.067223425600653
2.47e-06,2.4656356141069e-08,1,2.4662451502224e-08,0.06747918106485,0.067495862766585
2.48e-06,2.4755849426887e-08,1,2.4761994199889e-08,0.067751472940017,0.067768289871424
2.49e-06,2.4855338822784e-08,1,2.4861533206614e-08,0.068023754169302,0.06804070687495
2.5e-06,2.4954824314075e-08,1,2.4961068507706e-08,0.068296024712513,0.06831311373695
2.51e-06,2.5054305886076e-08,1,2.5060600088474e-08,0.068568284529464,0.068585510417216
2.52e-06,2.5153783524105e-08,1,2.5160127934228e-08,0.068840533579976,0.068857896875548
2.53e-06,2.5253257213484e-08,1,2.5259652030281e-08,0.069112771823875,0.069130273071751
2.54e-06,2.5352726939536e-08,1,2.535917236195e-08,0.069384999220994,0.069402638965635
2.55e-06,2.5452192687586e-08,1,2.5458688914551e-08,0.069657215731173,0.069674994517019
2.56e-06,2.5551654442963e-08,1,2.5558201673405e-08,0.069929421314257,0.069947339685726
2.57e-06,2.5651112190997e-08,1,2.5657710623833e-08,0.070201615930098,0.070219674431587
2.58e-06,2.575056591702e-08,1,2.5757215751161e-08,0.070473799538555,0.070491998714437
2.59e-06,2.5850015606367e-08,1,2.5856717040715e-08,0.070745972099492,0.070764312494121
2.6e-06,2.5949461244376e-08,1,2.5956214477824e-08,0.071018133572781,0.071036615730486
2.61e-06,2.6048902816386e-08,1,2.605570804782e-08,0.0712902839183,0.071308908383389
2.62e-06,2.6148340307739e-08,1,2.6155197736037e-08,0.071562423095933,0.071581190412692
2.63e-06,2.6247773703779e-08,1,2.6254683527812e-08,0.071834551065571,0.071853461778262
2.64e-06,2.6347202989855e-08,1,2.6354165408482e-08,0.07210666778711,0.072125722439975
2.65e-06,2.6446628151314e-08,1,2.6453643363388e-08,0.072378773220456,0.072397972357712
2.66e-06,2.6546049173508e-08,1,2.6553117377875e-08,0.072650867325518,0.072670211491361
2.67e-06,2.6645466041791e-08,1,2.6652587437287e-08,0.072922950062213,0.072942439800817
2.68e-06,2.674487874152e-08,1,2.6752053526974e-08,0.073195021390466,0.07321465724598
2.69e-06,2.6844287258054e-08,1,2.6851515632284e-08,0.073467081270206,0.073486863786758
2.7e-06,2.6943691576754e-08,1,2.6950973738572e-08,0.073739129661371,0.073759059383065
2.71e-06,2.7043091682983e-08,1,2.7050427831193e-08,0.074011166523905,0.074031243994822
2.72e-06,2.7142487562109e-08,1,2.7149877895504e-08,0.074283191817757,0.074303417581955
2.73e-06,2.7241879199499e-08,1,2.7249323916866e-08,0.074555205502886,0.0745755801044
2.74e-06,2.7341266580525e-08,1,2.7348765880641e-08,0.074827207539255,0.074847731522098
2.75e-06,2.744064969056e-08,1,2.7448203772195e-08,0.075099197886834,0.075119871794994
2.76e-06,2.7540028514981e-08,1,2.7547637576895e-08,0.075371176505603,0.075392000883044
2.77e-06,2.7639403039166e-08,1,2.7647067280111e-08,0.075643143355545,0.075664118746209
2.78e-06,2.7738773248497e-08,1,2.7746492867216e-08,0.075915098396651,0.075936225344456
2.79e-06,2.7838139128357e-08,1,2.7845914323584e-08,0.07618704158892,0.076208320637761
2.8e-06,2.7937500664132e-08,1,2.7945331634594e-08,0.076458972892357,0.076480404586104
2.81e-06,2.8036857841211e-08,1,2.8044744785625e-08,0.076730892266974,0.076752477149473
2.82e-06,2.8136210644985e-08,1,2.814415376206e-08,0.077002799672789,0.077024538287865
2.83e-06,2.8235559060849e-08,1,2.8243558549284e-08,0.07727469506983,0.07729658796128
2.84e-06,2.8334903074198e-08,1,2.8342959132684e-08,0.077546578418129,0.077568626129728
2.85e-06,2.8434242670431e-08,1,2.8442355497651e-08,0.077818449677727,0.077840652753225
2.86e-06,2.8533577834951e-08,1,2.8541747629577e-08,0.078090308808669,0.078112667791794
2.87e-06,2.8632908553161e-08,1,2.8641135513858e-08,0.078362155771011,0.078384671205464
2.88e-06,2.8732234810467e-08,1,2.8740519135892e-08,0.078633990524814,0.078656662954274
2.89e-06,2.883155659228e-08,1,2.8839898481078e-08,0.078905813030147,0.078928642998265
2.9e-06,2.8930873884011e-08,1,2.893927353482e-08,0.079177623247084,0.07920061129749
2.91e-06,2.9030186671074e-08,1,2.9038644282523e-08,0.079449421135708,0.079472567812007
2.92e-06,2.9129494938888e-08,1,2.9138010709596e-08,0.07972120665611,0.079744512501881
2.93e-06,2.9228798672871e-08,1,2.9237372801449e-08,0.079992979768387,0.080016445327185
2.94e-06,2.9328097858446e-08,1,2.9336730543495e-08,0.080264740432643,0.080288366247997
2.95e-06,2.9427392481039e-08,1,2.9436083921151e-08,0.080536488608989,0.080560275224405
2.96e-06,2.9526682526076e-08,1,2.9535432919836e-08,0.080808224257545,0.080832172216502
2.97e-06,2.9625967978989e-08,1,2.963477752497e-08,0.081079947338437,0.08110405718439
2.98e-06,2.9725248825211e-08,1,2.9734117721977e-08,0.081351657811799,0.081375930088177
2.99e-06,2.9824525050177e-08,1,2.9833453496284e-08,0.081623355637771,0.081647790887979
3e-06,2.9923796639326e-08,1,2.9932784833321e-08,0.081895040776501,0.081919639543918
3.01e-06,3.0023063578099e-08,1,3.0032111718519e-08,0.082166713188147,0.082191476016126
3.02e-06,3.012232585194e-08,1,3.0131434137313e-08,0.082438372832869,0.082463300264739
3.03e-06,3.0221583446296e-08,1,3.023075207514e-08,0.08271001967084,0.082735112249903
3.04e-06,3.0320836346616e-08,1,3.033006551744e-08,0.082981653662237,0.083006911931771
3.05e-06,3.0420084538352e-08,1,3.0429374449656e-08,0.083253274767246,0.083278699270501
3.06e-06,3.051932800696e-08,1,3.0528678857234e-08,0.08352488294606,0.083550474226261
3.07e-06,3.0618566737896e-08,1,3.0627978725621e-08,0.083796478158879,0.083822236759226
3.08e-06,3.0717800716621e-08,1,3.0727274040268e-08,0.084068060365912,0.084093986829579
3.09e-06,3.0817029928599e-08,1,3.0826564786629e-08,0.084339629527375,0.084365724397508
3.1e-06,3.0916254359294e-08,1,3.0925850950161e-08,0.08461118560349,0.084637449423211
3.11e-06,3.1015473994177e-08,1,3.1025132516322e-08,0.084882728554489,0.084909161866894
3.12e-06,3.1114688818718e-08,1,3.1124409470574e-08,0.08515425834061,0.085180861688767
3.13e-06,3.1213898818391e-08,1,3.1223681798383e-08,0.0854257749221,0.085452548849052
3.14e-06,3.1313103978675e-08,1,3.1322949485215e-08,0.085697278259213,0.085724223307975
3.15e-06,3.1412304285049e-08,1,3.1422212516542e-08,0.085968768312211,0.085995885025773
3.16e-06,3.1511499722995e-08,1,3.1521470877835e-08,0.086240245041363,0.086267533962687
3.17e-06,3.1610690277999e-08,1,3.1620724554571e-08,0.086511708406946,0.086539170078969
3.18e-06,3.170987593555e-08,1,3.1719973532229e-08,0.086783158369246,0.086810793334877
3.19e-06,3.180905668114e-08,1,3.1819217796289e-08,0.087054594888554,0.087082403690677
3.2e-06,3.1908232500262e-08,1,3.1918457332237e-08,0.087326017925173,0.087354001106642
3.21e-06,3.2007403378413e-08,1,3.201769212556e-08,0.087597427439411,0.087625585543055
3.22e-06,3.2106569301093e-08,1,3.2116922161748e-08,0.087868823391584,0.087897156960204
3.23e-06,3.2205730253806e-08,1,3.2216147426293e-08,0.088140205742016,0.088168715318388
3.24e-06,3.2304886222056e-08,1,3.2315367904691e-08,0.08841157445104,0.08844026057791
3.25e-06,3.2404037191353e-08,1,3.2414583582442e-08,0.088682929478996,0.088711792699084
3.26e-06,3.2503183147209e-08,1,3.2513794445046e-08,0.088954270786233,0.088983311642231
3.27e-06,3.2602324075137e-08,1,3.2613000478009e-08,0.089225598333106,0.089254817367679
3.28e-06,3.2701459960655e-08,1,3.2712201666837e-08,0.08949691207998,0.089526309835765
3.29e-06,3.2800590789283e-08,1,3.281139799704e-08,0.089768211987228,0.089797789006835
3.3e-06,3.2899716546545e-08,1,3.2910589454132e-08,0.090039498015228,0.09006925484124
3.31e-06,3.2998837217968e-08,1,3.300977602363e-08,0.090310770124371,0.090340707299341
3.32e-06,3.3097952789079e-08,1,3.3108957691051e-08,0.090582028275053,0.090612146341507
3.33e-06,3.3197063245412e-08,1,3.3208134441918e-08,0.090853272427677,0.090883571928115
3.34e-06,3.3296168572501e-08,1,3.3307306261757e-08,0.091124502542658,0.091154984019549
3.35e-06,3.3395268755885e-08,1,3.3406473136094e-08,0.091395718580416,0.091426382576203
3.36e-06,3.3494363781105e-08,1,3.3505635050461e-08,0.091666920501381,0.091697767558478
3.37e-06,3.3593453633705e-08,1,3.3604791990391e-08,0.09193810826599,0.091969138926782
3.38e-06,3.3692538299233e-08,1,3.3703943941422e-08,0.092209281834689,0.092240496641533
3.39e-06,3.3791617763238e-08,1,3.3803090889093e-08,0.092480441167931,0.092511840663157
3.4e-06,3.3890692011273e-08,1,3.3902232818947e-08,0.092751586226179,0.092783170952088
3.41e-06,3.3989761028896e-08,1,3.400136971653e-08,0.093022716969905,0.093054487468767
3.42e-06,3.4088824801665e-08,1,3.410050156739e-08,0.093293833359586,0.093325790173646
3.43e-06,3.4187883315143e-08,1,3.419962835708e-08,0.09356493535571,0.093597079027181
3.44e-06,3.4286936554895e-08,1,3.4298750071155e-08,0.093836022918772,0.093868353989842
3.45e-06,3.438598450649e-08,1,3.4397866695172e-08,0.094107096009278,0.094139615022101
3.46e-06,3.4485027155499e-08,1,3.4496978214693e-08,0.094378154587739,0.094410862084444
3.47e-06,3.4584064487497e-08,1,3.4596084615281e-08,0.094649198614677,0.094682095137363
3.48e-06,3.4683096488063e-08,1,3.4695185882504e-08,0.094920228050621,0.094953314141356
3.49e-06,3.4782123142775e-08,1,3.4794282001932e-08,0.095191242856109,0.095224519056934
3.5e-06,3.488114443722e-08,1,3.4893372959138e-08,0.095462242991687,0.095495709844614
3.51e-06,3.4980160356983e-08,1,3.4992458739699e-08,0.095733228417911,0.095766886464921
3.52e-06,3.5079170887656e-08,1,3.5091539329194e-08,0.096004199095344,0.096038048878389
3.53e-06,3.5178176014831e-08,1,3.5190614713206e-08,0.096275154984559,0.096309197045562
3.54e-06,3.5277175724105e-08,1,3.528968487732e-08,0.096546096046136,0.096580330926989
3.55e-06,3.5376170001078e-08,1,3.5388749807126e-08,0.096817022240665,0.096851450483232
3.56e-06,3.5475158831353e-08,1,3.5487809488215e-08,0.097087933528743,0.097122555674858
3.57e-06,3.5574142200535e-08,1,3.5586863906182e-08,0.097358829870979,0.097393646462445
3.58e-06,3.5673120094235e-08,1,3.5685913046627e-08,0.097629711227987,0.097664722806578
3.59e-06,3.5772092498063e-08,1,3.5784956895149e-08,0.097900577560391,0.097935784667851
3.6e-06,3.5871059397637e-08,1,3.5883995437354e-08,0.098171428828825,0.098206832006867
3.61e-06,3.5970020778575e-08,1,3.598302865885e-08,0.09844226499393,0.098477864784238
3.62e-06,3.6068976626498e-08,1,3.6082056545248e-08,0.098713086016356,0.098748882960584
3.63e-06,3.6167926927032e-08,1,3.6181079082161e-08,0.098983891856764,0.099019886496534
3.64e-06,3.6266871665806e-08,1,3.6280096255208e-08,0.099254682475822,0.099290875352727
3.65e-06,3.6365810828452e-08,1,3.6379108050008e-08,0.099525457834206,0.099561849489807
3.66e-06,3.6464744400603e-08,1,3.6478114452186e-08,0.099796217892602,0.099832808868432
3.67e-06,3.6563672367899e-08,1,3.6577115447368e-08,0.10006696261171,0.10010375344926
3.68e-06,3.6662594715981e-08,1,3.6676111021185e-08,0.10033769195222,0.10037468319298
3.69e-06,3.6761511430493e-08,1,3.6775101159271e-08,0.10060840587486,0.10064559806026
3.7e-06,3.6860422497084e-08,1,3.6874085847261e-08,0.10087910434034,0.10091649801179
3.71e-06,3.6959327901405e-08,1,3.6973065070796e-08,0.1011497873094,0.10118738300827
3.72e-06,3.7058227629111e-08,1,3.707203881552e-08,0.10142045474278,0.10145825301042
3.73e-06,3.7157121665859e-08,1,3.7171007067079e-08,0.10169110660122,0.10172910797895
3.74e-06,3.7256009997311e-08,1,3.7269969811122e-08,0.10196174284549,0.10199994787458
3.75e-06,3.7354892609132e-08,1,3.7368927033303e-08,0.10223236343634,0.10227077265806
3.76e-06,3.7453769486988e-08,1,3.7467878719279e-08,0.10250296833456,0.10254158229012
3.77e-06,3.7552640616552e-08,1,3.7566824854708e-08,0.10277355750093,0.10281237673153
3.78e-06,3.7651505983498e-08,1,3.7665765425254e-08,0.10304413089624,0.10308315594304
3.79e-06,3.7750365573504e-08,1,3.7764700416584e-08,0.10331468848131,0.10335391988542
3.8e-06,3.7849219372251e-08,1,3.7863629814367e-08,0.10358523021693,0.10362466851946
3.81e-06,3.7948067365423e-08,1,3.7962553604276e-08,0.10385575606394,0.10389540180595
3.82e-06,3.804690953871e-08,1,3.8061471771987e-08,0.10412626598316,0.10416611970568
3.83e-06,3.8145745877801e-08,1,3.816038430318e-08,0.10439675993544,0.10443682217947
3.84e-06,3.8244576368392e-08,1,3.8259291183539e-08,0.10466723788162,0.10470750918813
3.85e-06,3.8343400996182e-08,1,3.835819239875e-08,0.10493769978256,0.10497818069249
3.86e-06,3.8442219746871e-08,1,3.8457087934502e-08,0.10520814559914,0.10524883665339
3.87e-06,3.8541032606165e-08,1,3.855597777649e-08,0.10547857529223,0.10551947703166
3.88e-06,3.8639839559772e-08,1,3.8654861910409e-08,0.10574898882271,0.10579010178818
3.89e-06,3.8738640593405e-08,1,3.8753740321959e-08,0.10601938615148,0.10606071088379
3.9e-06,3.8837435692777e-08,1,3.8852612996845e-08,0.10628976723946,0.10633130427937
3.91e-06,3.8936224843609e-08,1,3.8951479920772e-08,0.10656013204754,0.10660188193581
3.92e-06,3.9035008031622e-08,1,3.9050341079452e-08,0.10683048053667,0.106872443814
3.93e-06,3.9133785242543e-08,1,3.9149196458598e-08,0.10710081266777,0.10714298987484
3.94e-06,3.9232556462099e-08,1,3.9248046043927e-08,0.10737112840179,0.10741352007924
3.95e-06,3.9331321676024e-08,1,3.934688982116e-08,0.10764142769967,0.10768403438812
3.96e-06,3.9430080870055e-08,1,3.9445727776021e-08,0.10791171052239,0.10795453276242
3.97e-06,3.952883402993e-08,1,3.9544559894237e-08,0.10818197683092,0.10822501516306
3.98e-06,3.9627581141393e-08,1,3.964338616154e-08,0.10845222658623,0.108495481551
3.99e-06,3.972632219019e-08,1,3.9742206563665e-08,0.10872245974932,0.1087659318872
4e-06,3.9825057162072e-08,1,3.9841021086348e-08,0.1089926762812,0.10903636613263
4.01e-06,3.9923786042792e-08,1,3.9939829715333e-08,0.10926287614286,0.10930678424826
4.02e-06,4.0022508818108e-08,1,4.0038632436363e-08,0.10953305929534,0.10957718619509
4.03e-06,4.012122547378e-08,1,4.0137429235187e-08,0.10980322569965,0.1098475719341
4.04e-06,4.0219935995573e-08,1,4.0236220097558e-08,0.11007337531686,0.1101179414263
4.05e-06,4.0318640369255e-08,1,4.0335005009232e-08,0.11034350810799,0.11038829463272
4.06e-06,4.0417338580597e-08,1,4.0433783955966e-08,0.11061362403411,0.11065863151437
4.07e-06,4.0516030615374e-08,1,4.0532556923525e-08,0.1108837230563,0.1109289520323
4.08e-06,4.0614716459365e-08,1,4.0631323897674e-08,0.11115380513563,0.11119925614754
4.09e-06,4.0713396098352e-08,1,4.0730084864183e-08,0.11142387023318,0.11146954382115
4.1e-06,4.0812069518121e-08,1,4.0828839808825e-08,0.11169391831007,0.11173981501421
4.11e-06,4.0910736704462e-08,1,4.0927588717379e-08,0.11196394932739,0.11201006968777
4.12e-06,4.1009397643167e-08,1,4.1026331575623e-08,0.11223396324627,0.11228030780293
4.13e-06,4.1108052320033e-08,1,4.1125068369343e-08,0.11250396002783,0.11255052932079
4.14e-06,4.1206700720861e-08,1,4.1223799084326e-08,0.11277393963322,0.11282073420244
4.15e-06,4.1305342831454e-08,1,4.1322523706364e-08,0.11304390202357,0.113090922409
4.16e-06,4.1403978637621e-08,1,4.1421242221251e-08,0.11331384716006,0.11336109390159
4.17e-06,4.1502608125172e-08,1,4.1519954614787e-08,0.11358377500385,0.11363124864135
