bias,x,y,z,id,xi,xv,jvx,jix,xie,xve,Di,Dv,K0_dist,super_saturation,void_nucleation_rate
0.0,0.0,0.0,0.0,0.0,0.0,3.7e-11,-2.2477374195039e-13,-2.247737443709e-13,0.0,3.7e-11,1.0,0.000181,1.6794355318317e-18,1.0,4.3037883693406e-07
0.0,1.0,0.0,0.0,1.0,2.2138487026105e-13,1.2601208168127e-09,-2.1799599438583e-13,-2.1799599680064e-13,0.0,3.7e-11,1.0,0.000181,4.474782485707e-18,0.99999963895001,4.3037799543418e-07
0.0,2.0,0.0,0.0,2.0,4.3373275236973e-13,2.433313522354e-09,-2.089590142016e-13,-2.089590166007e-13,0.0,3.7e-11,1.0,0.000181,1.1455360014475e-17,0.99999927972778,4.3037715819561e-07
0.0,3.0,0.0,0.0,3.0,6.370436747047e-13,3.556578273463e-09,-1.9992206873314e-13,-1.9992207110731e-13,0.0,3.7e-11,1.0,0.000181,2.8175639131026e-17,0.99999892371225,4.3037632843221e-07
0.0,4.0,0.0,0.0,4.0,8.3131768156477e-13,4.6299153149352e-09,-1.9088517304711e-13,-1.9088517538724e-13,0.0,3.7e-11,1.0,0.000181,6.658356291448e-17,0.99999857227104,4.3037550933142e-07
0.0,5.0,0.0,0.0,5.0,1.0165548309346e-12,5.6533249671778e-09,-1.8184834001314e-13,-1.8184834231022e-13,0.0,3.7e-11,1.0,0.000181,1.5117796877966e-16,0.9999982267549,4.3037470404135e-07
0.0,6.0,0.0,0.0,6.0,1.1927551923498e-12,6.6268076144144e-09,-1.728115804031e-13,-1.728115826483e-13,0.0,3.7e-11,1.0,0.000181,3.2979054604717e-16,0.99999788849264,4.3037391565902e-07
0.0,7.0,0.0,0.0,7.0,1.3599188448613e-12,7.5503636934385e-09,-1.6377490299048e-13,-1.6377490517527e-13,0.0,3.7e-11,1.0,0.000181,6.9121971780476e-16,0.99999755877119,4.3037314718376e-07
0.0,8.0,0.0,0.0,8.0,1.518045875099e-12,8.4239936829154e-09,-1.547383146497e-13,-1.5473831676556e-13,0.0,3.7e-11,1.0,0.000181,1.3919455781863e-15,0.99999723887261,4.3037240160351e-07
0.0,9.0,0.0,0.0,9.0,1.6671363754348e-12,9.2476980932331e-09,-1.4570182045546e-13,-1.4570182249425e-13,0.0,3.7e-11,1.0,0.000181,2.6931256345797e-15,0.99999693003058,4.3037168179354e-07
0.0,10.0,0.0,0.0,10.0,1.8071904422452e-12,1.0021477456903e-08,-1.3666542378206e-13,-1.3666542573591e-13,0.0,3.7e-11,1.0,0.000181,5.0063267623354e-15,0.99999663343486,4.3037099052661e-07
0.0,11.0,0.0,0.0,11.0,1.938208174273e-12,1.0745332319505e-08,-1.2762912640274e-13,-1.2762912826412e-13,0.0,3.7e-11,1.0,0.000181,8.9414919944237e-15,0.99999635022858,4.3037033046692e-07
0.0,12.0,0.0,0.0,12.0,2.0601896710879e-12,1.1419263231192e-08,-1.1859292858897e-13,-1.1859293035071e-13,0.0,3.7e-11,1.0,0.000181,1.5343661620602e-14,0.99999608150351,4.3036970415888e-07
0.0,13.0,0.0,0.0,13.0,2.1731350316475e-12,1.2043270738727e-08,-1.0955682920982e-13,-1.0955683086533e-13,0.0,3.7e-11,1.0,0.000181,2.5297421284312e-14,0.99999582828417,4.3036911399017e-07
0.0,14.0,0.0,0.0,14.0,2.2770443529567e-12,1.2617355378084e-08,-1.0052082583124e-13,-1.0052082737393e-13,0.0,3.7e-11,1.0,0.000181,4.0072986943924e-14,0.99999559154016,4.3036856222049e-07
0.0,15.0,0.0,0.0,15.0,2.3719177288261e-12,1.314151766759e-08,-9.1484914815398e-14,-9.1484916239304e-14,0.0,3.7e-11,1.0,0.000181,6.098954554746e-14,0.99999537220395,4.3036805102296e-07
0.0,16.0,0.0,0.0,16.0,2.4577552487314e-12,1.3615758101615e-08,-8.2449091419945e-14,-8.2449092719578e-14,0.0,3.7e-11,1.0,0.000181,8.9184072570647e-14,0.99999517112197,4.3036758237024e-07
0.0,17.0,0.0,0.0,17.0,2.5345569967702e-12,1.4040077144818e-08,-7.115442654813e-14,-7.1154427685425e-14,0.0,3.7e-11,1.0,0.000181,1.2529894787478e-13,0.99999498907036,4.3036715807112e-07
0.0,18.0,0.0,0.0,18.0,2.6023230507191e-12,1.4414475226927e-08,-6.4377683594201e-14,-6.4377684630737e-14,0.0,3.7e-11,1.0,0.000181,1.6913588836878e-13,0.99999482675211,4.3036677976386e-07
0.0,19.0,0.0,0.0,19.0,2.6610534811901e-12,1.4738952738089e-08,-5.5342085050455e-14,-5.5342085949443e-14,0.0,3.7e-11,1.0,0.000181,2.1935742236041e-13,0.99999468477898,4.3036644887423e-07
0.0,20.0,0.0,0.0,20.0,2.7107483508858e-12,1.5013510024745e-08,-4.6306546098755e-14,-4.630654685646e-14,0.0,3.7e-11,1.0,0.000181,2.7333617968494e-13,0.99999456368961,4.303661666575e-07
0.0,21.0,0.0,0.0,21.0,2.7514077139539e-12,1.5238147386073e-08,-3.7271057963709e-14,-3.7271058577204e-14,0.0,3.7e-11,1.0,0.000181,3.2724282028819e-13,0.99999446397614,4.3036593426057e-07
0.0,22.0,0.0,0.0,22.0,2.7830316154418e-12,1.5412865070967e-08,-2.8235611361161e-14,-2.8235611828078e-14,0.0,3.7e-11,1.0,0.000181,3.7641884204165e-13,0.99999438602382,4.3036575258128e-07
0.0,23.0,0.0,0.0,23.0,2.8056200908496e-12,1.5537663275572e-08,-1.694134671444e-14,-1.6941346995664e-14,0.0,3.7e-11,1.0,0.000181,4.1600715724014e-13,0.99999433013366,4.3036562232113e-07
0.0,24.0,0.0,0.0,24.0,2.8191731657826e-12,1.5612542141361e-08,-1.016480366878e-14,-1.0164803837701e-14,0.0,3.7e-11,1.0,0.000181,4.4173160318202e-13,0.99999429652157,4.3036554398328e-07
0.0,25.0,0.0,0.0,25.0,2.8236908557033e-12,1.5637501753768e-08,-1.1294223602854e-15,-1.1294223790864e-15,0.0,3.7e-11,1.0,0.000181,4.5065517349847e-13,0.99999428531215,4.303655178581e-07
0.0,26.0,0.0,0.0,26.0,2.8191731657826e-12,1.5612542141361e-08,7.9059576544898e-15,7.9059577858842e-15,0.0,3.7e-11,1.0,0.000181,4.4173160318202e-13,0.99999429651662,4.3036554397175e-07
0.0,27.0,0.0,0.0,27.0,2.8056200908496e-12,1.5537663275572e-08,1.6941346714433e-14,1.6941346995661e-14,0.0,3.7e-11,1.0,0.000181,4.1600715724014e-13,0.99999433012926,4.3036562231087e-07
0.0,28.0,0.0,0.0,28.0,2.7830316154419e-12,1.5412865070967e-08,2.8235611361154e-14,2.8235611828073e-14,0.0,3.7e-11,1.0,0.000181,3.7641884204165e-13,0.99999438601984,4.3036575257201e-07
0.0,29.0,0.0,0.0,29.0,2.751407713954e-12,1.5238147386073e-08,3.5012192791816e-14,3.501219336887e-14,0.0,3.7e-11,1.0,0.000181,3.2724282028819e-13,0.99999446397276,4.303659342527e-07
0.0,30.0,0.0,0.0,30.0,2.7107483508859e-12,1.5013510024745e-08,4.4047669655655e-14,4.4047670377562e-14,0.0,3.7e-11,1.0,0.000181,2.7333617968494e-13,0.99999456368672,4.3036616665075e-07
0.0,31.0,0.0,0.0,31.0,2.6610534811902e-12,1.4738952738089e-08,5.5342085050448e-14,5.5342085949438e-14,0.0,3.7e-11,1.0,0.000181,2.1935742236041e-13,0.99999468477663,4.3036644886875e-07
0.0,32.0,0.0,0.0,32.0,2.6023230507192e-12,1.4414475226928e-08,6.2118777913531e-14,6.2118778915965e-14,0.0,3.7e-11,1.0,0.000181,1.6913588836878e-13,0.99999482674981,4.3036677975852e-07
0.0,33.0,0.0,0.0,33.0,2.5345569967702e-12,1.4040077144818e-08,7.1154426548128e-14,7.1154427685422e-14,0.0,3.7e-11,1.0,0.000181,1.2529894787478e-13,0.99999498906801,4.3036715806563e-07
0.0,34.0,0.0,0.0,34.0,2.4577552487315e-12,1.3615758101616e-08,8.0190148608895e-14,8.0190149876656e-14,0.0,3.7e-11,1.0,0.000181,8.9184072570647e-14,0.9999951711195,4.3036758236448e-07
0.0,35.0,0.0,0.0,35.0,2.3719177288262e-12,1.314151766759e-08,9.1484914815397e-14,9.1484916239301e-14,0.0,3.7e-11,1.0,0.000181,6.098954554746e-14,0.99999537220129,4.3036805101678e-07
0.0,36.0,0.0,0.0,36.0,2.2770443529567e-12,1.2617355378084e-08,1.0052082583124e-13,1.0052082737392e-13,0.0,3.7e-11,1.0,0.000181,4.0072986943924e-14,0.99999559153733,4.3036856221389e-07
0.0,37.0,0.0,0.0,37.0,2.1731350316476e-12,1.2043270738727e-08,1.0955682920982e-13,1.0955683086532e-13,0.0,3.7e-11,1.0,0.000181,2.5297421284312e-14,0.99999582828103,4.3036911398286e-07
0.0,38.0,0.0,0.0,38.0,2.0601896710879e-12,1.1419263231192e-08,1.1859292858897e-13,1.1859293035071e-13,0.0,3.7e-11,1.0,0.000181,1.5343661620602e-14,0.99999608150803,4.3036970416942e-07
0.0,39.0,0.0,0.0,39.0,1.938208174273e-12,1.0745332319506e-08,1.2762912640274e-13,1.2762912826412e-13,0.0,3.7e-11,1.0,0.000181,8.9414919944237e-15,0.99999635023298,4.3037033047718e-07
0.0,40.0,0.0,0.0,40.0,1.8071904422453e-12,1.0021477456903e-08,1.3666542378207e-13,1.3666542573592e-13,0.0,3.7e-11,1.0,0.000181,5.0063267623354e-15,0.99999663343923,4.303709905368e-07
0.0,41.0,0.0,0.0,41.0,1.6671363754348e-12,9.2476980932334e-09,1.4570182045546e-13,1.4570182249425e-13,0.0,3.7e-11,1.0,0.000181,2.6931256345797e-15,0.99999693003487,4.3037168180352e-07
0.0,42.0,0.0,0.0,42.0,1.518045875099e-12,8.4239936829157e-09,1.547383146497e-13,1.5473831676556e-13,0.0,3.7e-11,1.0,0.000181,1.3919455781863e-15,0.9999972388768,4.3037240161328e-07
0.0,43.0,0.0,0.0,43.0,1.3599188448613e-12,7.5503636934388e-09,1.6377490299048e-13,1.6377490517527e-13,0.0,3.7e-11,1.0,0.000181,6.9121971780476e-16,0.99999755877523,4.3037314719318e-07
0.0,44.0,0.0,0.0,44.0,1.1927551923498e-12,6.6268076144146e-09,1.728115804031e-13,1.728115826483e-13,0.0,3.7e-11,1.0,0.000181,3.2979054604717e-16,0.99999788849641,4.303739156678e-07
0.0,45.0,0.0,0.0,45.0,1.0165548309346e-12,5.653324967178e-09,1.8184834001314e-13,1.8184834231022e-13,0.0,3.7e-11,1.0,0.000181,1.5117796877966e-16,0.99999822675812,4.3037470404887e-07
0.0,46.0,0.0,0.0,46.0,8.3131768156478e-13,4.6299153149353e-09,1.9088517304712e-13,1.9088517538724e-13,0.0,3.7e-11,1.0,0.000181,6.658356291448e-17,0.99999857227365,4.303755093375e-07
0.0,47.0,0.0,0.0,47.0,6.3704367470471e-13,3.5565782734631e-09,1.9992206873314e-13,1.9992207110731e-13,0.0,3.7e-11,1.0,0.000181,2.8175639131026e-17,0.99999892371424,4.3037632843685e-07
0.0,48.0,0.0,0.0,48.0,4.3373275236973e-13,2.433313522354e-09,2.0895901420161e-13,2.089590166007e-13,0.0,3.7e-11,1.0,0.000181,1.1455360014475e-17,0.9999992797291,4.3037715819869e-07
0.0,49.0,0.0,0.0,49.0,2.2138487026105e-13,1.2601208168127e-09,2.1573674699454e-13,2.1573674940628e-13,0.0,3.7e-11,1.0,0.000181,4.474782485707e-18,0.99999963895069,4.3037799543576e-07
0.0,50.0,0.0,0.0,50.0,0.0,3.7e-11,2.247737419504e-13,2.2477374437091e-13,0.0,3.7e-11,1.0,0.000181,1.6794355318317e-18,1.0,4.3037883693406e-07
5.0,0.0,0.0,0.0,0.0,0.0,3.7e-11,-2.3601243238655e-13,-2.2477266721532e-13,0.0,3.7e-11,1.0,0.000181,1.6794355318317e-18,1.0,4.3037883693406e-07
5.0,1.0,0.0,0.0,1.0,2.2138379314683e-13,1.3212768760855e-09,-2.2889579743796e-13,-2.17994919759e-13,0.0,3.7e-11,1.0,0.000181,4.474782485707e-18,2.6530269411141,8.4842050493336e-05
5.0,2.0,0.0,0.0,2.0,4.3373059871375e-13,2.553129235252e-09,-2.194069682238e-13,-2.0895794052182e-13,0.0,3.7e-11,1.0,0.000181,1.1455360014475e-17,4.2385833756706,0.0010728671715294
5.0,3.0,0.0,0.0,3.0,6.3704044647912e-13,3.7325572421005e-09,-2.0991817544683e-13,-1.9992099770753e-13,0.0,3.7e-11,1.0,0.000181,2.8175639131026e-17,5.7566693058187,0.0056303537215165
5.0,4.0,0.0,0.0,4.0,8.3131338293814e-13,4.8595611535884e-09,-2.0042943492758e-13,-1.9088410713696e-13,0.0,3.7e-11,1.0,0.000181,6.658356291448e-17,7.2072847336658,0.019014622440545
5.0,5.0,0.0,0.0,5.0,1.0165494689569e-12,5.9341413060687e-09,-1.9094076017968e-13,-1.8184728232407e-13,0.0,3.7e-11,1.0,0.000181,1.5117796877966e-16,8.590429661272,0.049201744697718
5.0,6.0,0.0,0.0,6.0,1.1927487775307e-12,6.9562981029047e-09,-1.8145216251413e-13,-1.7281053458025e-13,0.0,3.7e-11,1.0,0.000181,3.2979054604717e-16,9.9061040906443,0.10644692388778
5.0,7.0,0.0,0.0,7.0,1.3599113916468e-12,7.9260320026607e-09,-1.7196365114366e-13,-1.6377387311871e-13,0.0,3.7e-11,1.0,0.000181,6.9121971780476e-16,11.154308023716,0.20241610549961
5.0,8.0,0.0,0.0,8.0,1.5180374022508e-12,8.8433435078697e-09,-1.6247523328697e-13,-1.5473730515838e-13,0.0,3.7e-11,1.0,0.000181,1.3919455781863e-15,12.335041462385,0.34905202874905
5.0,9.0,0.0,0.0,9.0,1.6671269063187e-12,9.7082331543768e-09,-1.5298691427304e-13,-1.4570083602884e-13,0.0,3.7e-11,1.0,0.000181,2.6931256345797e-15,13.44830440847,0.55733467216913
5.0,10.0,0.0,0.0,10.0,1.8071800050316e-12,1.0520701501259e-08,-1.4349869764547e-13,-1.3666446927418e-13,0.0,3.7e-11,1.0,0.000181,5.0063267623354e-15,14.494096863711,0.83607799917044
5.0,11.0,0.0,0.0,11.0,1.9381968020561e-12,1.1280749121321e-08,-1.3401058526673e-13,-1.2762820675743e-13,0.0,3.7e-11,1.0,0.000181,8.9414919944237e-15,15.472418829773,1.1908792369399
5.0,12.0,0.0,0.0,12.0,2.060177401928e-12,1.1988376592167e-08,-1.2452257742249e-13,-1.1859204876482e-13,0.0,3.7e-11,1.0,0.000181,1.5343661620602e-14,16.383270308233,1.6233079190318
5.0,13.0,0.0,0.0,13.0,2.1731219085413e-12,1.2643584487852e-08,-1.1503467292586e-13,-1.0955599411027e-13,0.0,3.7e-11,1.0,0.000181,2.5297421284312e-14,17.226651300571,2.1303923526313
5.0,14.0,0.0,0.0,14.0,2.2770304237399e-12,1.3246373371101e-08,-1.0554686922172e-13,-1.0052004023886e-13,0.0,3.7e-11,1.0,0.000181,4.0072986943924e-14,18.002561808178,2.7044328771655
5.0,15.0,0.0,0.0,15.0,2.3719030460153e-12,1.3796743786115e-08,-9.6059162490941e-14,-9.1484183332351e-14,0.0,3.7e-11,1.0,0.000181,6.098954554746e-14,18.711001832376,3.33314549795
5.0,16.0,0.0,0.0,16.0,2.4577398693076e-12,1.4294696251943e-08,-8.6571547754717e-14,-8.2448418412597e-14,0.0,3.7e-11,1.0,0.000181,8.9184072570647e-14,19.351971374367,4.0001170206816
5.0,17.0,0.0,0.0,17.0,2.5345409819109e-12,1.4740231256441e-08,-7.4712149416904e-14,-7.1153832335484e-14,0.0,3.7e-11,1.0,0.000181,1.2529894787478e-13,19.92547043525,4.6855341844265
5.0,18.0,0.0,0.0,18.0,2.6023064654832e-12,1.5133349250793e-08,-6.7596569177706e-14,-6.4377139447973e-14,0.0,3.7e-11,1.0,0.000181,1.6913588836878e-13,20.431499016016,5.3671347610735
5.0,19.0,0.0,0.0,19.0,2.6610363941605e-12,1.5474050644622e-08,-5.8109190519107e-14,-5.5341610587035e-14,0.0,3.7e-11,1.0,0.000181,2.1935742236041e-13,20.870057117532,6.0213182445479
5.0,20.0,0.0,0.0,20.0,2.7107308337746e-12,1.5762335801669e-08,-4.8621874427931e-14,-4.6306144288374e-14,0.0,3.7e-11,1.0,0.000181,2.7333617968494e-13,21.241144740557,6.6243475334776
5.0,21.0,0.0,0.0,21.0,2.7513898411758e-12,1.5998205036048e-08,-3.9134611690701e-14,-3.7270731339559e-14,0.0,3.7e-11,1.0,0.000181,3.2724282028819e-13,21.544761885772,7.153570738841
5.0,22.0,0.0,0.0,22.0,2.7830134636598e-12,1.6181658609083e-08,-2.9647392559728e-14,-2.8235361993694e-14,0.0,3.7e-11,1.0,0.000181,3.7641884204165e-13,21.780908553716,7.5885936505439
5.0,23.0,0.0,0.0,23.0,2.8056017384985e-12,1.631269672671e-08,-1.7788414429831e-14,-1.6941196091726e-14,0.0,3.7e-11,1.0,0.000181,4.1600715724014e-13,21.94958474481,7.9123381238231
5.0,24.0,0.0,0.0,24.0,2.8191546925754e-12,1.6391319537468e-08,-1.0673044080312e-14,-1.016471307773e-14,0.0,3.7e-11,1.0,0.000181,4.4173160318202e-13,22.050790459355,8.1119292823519
5.0,25.0,0.0,0.0,25.0,2.8236723421247e-12,1.6417527131055e-08,-1.1858935036625e-15,-1.1294122811918e-15,0.0,3.7e-11,1.0,0.000181,4.5065517349847e-13,22.084525697525,8.1793645169998
5.0,26.0,0.0,0.0,26.0,2.8191546925754e-12,1.6391319537468e-08,8.301255714668e-15,7.9058871571338e-15,0.0,3.7e-11,1.0,0.000181,4.4173160318202e-13,22.050790459349,8.1119292823416
5.0,27.0,0.0,0.0,27.0,2.8056017384986e-12,1.631269672671e-08,1.7788414429821e-14,1.6941196091721e-14,0.0,3.7e-11,1.0,0.000181,4.1600715724014e-13,21.949584744805,7.912338123814
5.0,28.0,0.0,0.0,28.0,2.7830134636598e-12,1.6181658609083e-08,2.9647392559721e-14,2.8235361993689e-14,0.0,3.7e-11,1.0,0.000181,3.7641884204165e-13,21.780908553712,7.5885936505359
5.0,29.0,0.0,0.0,29.0,2.7513898411758e-12,1.5998205036049e-08,3.6762803210879e-14,3.5011885306297e-14,0.0,3.7e-11,1.0,0.000181,3.2724282028819e-13,21.544761885768,7.1535707388342
5.0,30.0,0.0,0.0,30.0,2.7107308337746e-12,1.5762335801669e-08,4.6250054114124e-14,4.4047286422028e-14,0.0,3.7e-11,1.0,0.000181,2.7333617968494e-13,21.241144740554,6.6243475334719
5.0,31.0,0.0,0.0,31.0,2.6610363941605e-12,1.5474050644622e-08,5.8109190519098e-14,5.534161058703e-14,0.0,3.7e-11,1.0,0.000181,2.1935742236041e-13,20.870057117529,6.0213182445434
5.0,32.0,0.0,0.0,32.0,2.6023064654833e-12,1.5133349250793e-08,6.5224718166519e-14,6.211825088663e-14,0.0,3.7e-11,1.0,0.000181,1.6913588836878e-13,20.431499016013,5.3671347610694
5.0,33.0,0.0,0.0,33.0,2.534540981911e-12,1.4740231256441e-08,7.4712149416901e-14,7.1153832335482e-14,0.0,3.7e-11,1.0,0.000181,1.2529894787478e-13,19.925470435247,4.6855341844228
5.0,34.0,0.0,0.0,34.0,2.4577398693077e-12,1.4294696251944e-08,8.419965775937e-14,8.0189490870231e-14,0.0,3.7e-11,1.0,0.000181,8.9184072570647e-14,19.351971374364,4.0001170206782
5.0,35.0,0.0,0.0,35.0,2.3719030460154e-12,1.3796743786115e-08,9.605916249094e-14,9.1484183332348e-14,0.0,3.7e-11,1.0,0.000181,6.098954554746e-14,18.711001832373,3.3331454979469
5.0,36.0,0.0,0.0,36.0,2.27703042374e-12,1.3246373371101e-08,1.0554686922172e-13,1.0052004023886e-13,0.0,3.7e-11,1.0,0.000181,4.0072986943924e-14,18.002561808175,2.7044328771627
5.0,37.0,0.0,0.0,37.0,2.1731219085414e-12,1.2643584487852e-08,1.1503467292586e-13,1.0955599411027e-13,0.0,3.7e-11,1.0,0.000181,2.5297421284312e-14,17.226651300568,2.1303923526289
5.0,38.0,0.0,0.0,38.0,2.0601774019281e-12,1.1988376592168e-08,1.245225774225e-13,1.1859204876482e-13,0.0,3.7e-11,1.0,0.000181,1.5343661620602e-14,16.383270308238,1.6233079190341
5.0,39.0,0.0,0.0,39.0,1.9381968020561e-12,1.1280749121321e-08,1.3401058526674e-13,1.2762820675744e-13,0.0,3.7e-11,1.0,0.000181,8.9414919944237e-15,15.472418829777,1.1908792369417
5.0,40.0,0.0,0.0,40.0,1.8071800050316e-12,1.0520701501259e-08,1.4349869764547e-13,1.3666446927418e-13,0.0,3.7e-11,1.0,0.000181,5.0063267623354e-15,14.494096863716,0.83607799917177
5.0,41.0,0.0,0.0,41.0,1.6671269063187e-12,9.708233154377e-09,1.5298691427304e-13,1.4570083602884e-13,0.0,3.7e-11,1.0,0.000181,2.6931256345797e-15,13.448304408474,0.55733467217006
5.0,42.0,0.0,0.0,42.0,1.5180374022508e-12,8.84334350787e-09,1.6247523328697e-13,1.5473730515838e-13,0.0,3.7e-11,1.0,0.000181,1.3919455781863e-15,12.335041462389,0.34905202874966
5.0,43.0,0.0,0.0,43.0,1.3599113916468e-12,7.9260320026609e-09,1.7196365114367e-13,1.6377387311871e-13,0.0,3.7e-11,1.0,0.000181,6.9121971780476e-16,11.15430802372,0.20241610549999
5.0,44.0,0.0,0.0,44.0,1.1927487775307e-12,6.9562981029049e-09,1.8145216251414e-13,1.7281053458025e-13,0.0,3.7e-11,1.0,0.000181,3.2979054604717e-16,9.9061040906479,0.10644692388799
5.0,45.0,0.0,0.0,45.0,1.0165494689569e-12,5.9341413060689e-09,1.9094076017968e-13,1.8184728232408e-13,0.0,3.7e-11,1.0,0.000181,1.5117796877966e-16,8.590429661275,0.04920174469781
5.0,46.0,0.0,0.0,46.0,8.3131338293815e-13,4.8595611535885e-09,2.0042943492759e-13,1.9088410713697e-13,0.0,3.7e-11,1.0,0.000181,6.658356291448e-17,7.2072847336683,0.01901462244058
5.0,47.0,0.0,0.0,47.0,6.3704044647913e-13,3.7325572421006e-09,2.0991817544684e-13,1.9992099770753e-13,0.0,3.7e-11,1.0,0.000181,2.8175639131026e-17,5.7566693058205,0.0056303537215262
5.0,48.0,0.0,0.0,48.0,4.3373059871376e-13,2.5531292352521e-09,2.1940696822381e-13,2.0895794052182e-13,0.0,3.7e-11,1.0,0.000181,1.1455360014475e-17,4.2385833756718,0.0010728671715311
5.0,49.0,0.0,0.0,49.0,2.2138379314683e-13,1.3212768760855e-09,2.265235876733e-13,2.1573567248993e-13,0.0,3.7e-11,1.0,0.000181,4.474782485707e-18,2.6530269411147,8.484205049344e-05
5.0,50.0,0.0,0.0,50.0,0.0,3.7e-11,2.3601243238656e-13,2.2477266721532e-13,0.0,3.7e-11,1.0,0.000181,1.6794355318317e-18,1.0,4.3037883693406e-07
10.0,0.0,0.0,0.0,0.0,0.0,3.7e-11,-2.4725112283615e-13,-2.2477159007294e-13,0.0,3.7e-11,1.0,0.000181,1.6794355318317e-18,1.0,4.3037883693406e-07
10.0,1.0,0.0,0.0,1.0,2.2138271604581e-13,1.3824329354324e-09,-2.3979560050352e-13,-2.1799384273057e-13,0.0,3.7e-11,1.0,0.000181,4.474782485707e-18,4.3060542433113,0.0011686632773956
10.0,2.0,0.0,0.0,2.0,4.3372844508419e-13,2.6729449482985e-09,-2.2985492225942e-13,-2.0895686445614e-13,0.0,3.7e-11,1.0,0.000181,1.1455360014475e-17,7.4771674716796,0.023203206423847
10.0,3.0,0.0,0.0,3.0,6.3703721829313e-13,3.9085362109604e-09,-2.1991428217392e-13,-1.9991992432092e-13,0.0,3.7e-11,1.0,0.000181,2.8175639131026e-17,10.513339688024,0.14691190787716
10.0,4.0,0.0,0.0,4.0,8.3130908436424e-13,5.0892069925379e-09,-2.0997369682139e-13,-1.9088303889981e-13,0.0,3.7e-11,1.0,0.000181,6.658356291448e-17,13.414570895193,0.54980560078521
10.0,5.0,0.0,0.0,5.0,1.016544107045e-12,6.2149576453294e-09,-2.0003318035947e-13,-1.8184622235096e-13,0.0,3.7e-11,1.0,0.000181,1.5117796877966e-16,16.180861095955,1.5176197273233
10.0,6.0,0.0,0.0,6.0,1.1927423627904e-12,7.2857885918375e-09,-1.900927446383e-13,-1.728094865251e-13,0.0,3.7e-11,1.0,0.000181,3.2979054604717e-16,18.812210292995,3.4319546940813
10.0,7.0,0.0,0.0,7.0,1.3599039385237e-12,8.3017003123973e-09,-1.8015239930981e-13,-1.6377284107477e-13,0.0,3.7e-11,1.0,0.000181,6.9121971780476e-16,21.308618488909,6.7391053345771
10.0,8.0,0.0,0.0,8.0,1.5180289295066e-12,9.2626933334093e-09,-1.7021215193697e-13,-1.5473629356359e-13,0.0,3.7e-11,1.0,0.000181,1.3919455781863e-15,23.670085686197,11.906630091347
10.0,9.0,0.0,0.0,9.0,1.6671174373187e-12,1.0168768216175e-08,-1.6027200810306e-13,-1.4569984957554e-13,0.0,3.7e-11,1.0,0.000181,2.6931256345797e-15,25.89661188726,19.374285512794
10.0,10.0,0.0,0.0,10.0,1.807169567946e-12,1.1019925546338e-08,-1.5033197152098e-13,-1.3666351282421e-13,0.0,3.7e-11,1.0,0.000181,5.0063267623354e-15,27.98819709439,29.505311019135
10.0,11.0,0.0,0.0,11.0,1.9381854299787e-12,1.1816165923924e-08,-1.4039204414243e-13,-1.276272852621e-13,0.0,3.7e-11,1.0,0.000181,8.9414919944237e-15,29.944841309771,42.543037555113
10.0,12.0,0.0,0.0,12.0,2.0601651329188e-12,1.2557489953994e-08,-1.3045222626725e-13,-1.1859116718981e-13,0.0,3.7e-11,1.0,0.000181,1.5343661620602e-14,31.766544535468,58.576612761217
10.0,13.0,0.0,0.0,13.0,2.1731087855961e-12,1.3243898237888e-08,-1.2051251665261e-13,-1.0955515736534e-13,0.0,3.7e-11,1.0,0.000181,2.5297421284312e-14,33.453306773429,77.518411849426
10.0,14.0,0.0,0.0,14.0,2.277016494694e-12,1.3875391365086e-08,-1.1057291262229e-13,-1.0051925311332e-13,0.0,3.7e-11,1.0,0.000181,4.0072986943924e-14,35.005128025472,99.094521383955
10.0,15.0,0.0,0.0,15.0,2.3718883633845e-12,1.4451969905661e-08,-1.0063341017591e-13,-9.148345043425e-14,0.0,3.7e-11,1.0,0.000181,6.098954554746e-14,36.42200829329,122.84859874308
10.0,16.0,0.0,0.0,16.0,2.4577244900722e-12,1.4973634403343e-08,-9.0694004098191e-14,-8.2447744113741e-14,0.0,3.7e-11,1.0,0.000181,8.9184072570647e-14,37.70394757844,148.15846012714
10.0,17.0,0.0,0.0,17.0,2.5345249672476e-12,1.5440385369181e-08,-7.8269872293386e-14,-7.1153236992672e-14,0.0,3.7e-11,1.0,0.000181,1.2529894787478e-13,38.850945882344,174.26395765966
10.0,18.0,0.0,0.0,18.0,2.6022898804502e-12,1.5852223275816e-08,-7.0815454768282e-14,-6.4376594271707e-14,0.0,3.7e-11,1.0,0.000181,1.6913588836878e-13,39.863003206281,200.3040840367
10.0,19.0,0.0,0.0,19.0,2.6610193073395e-12,1.6209148552349e-08,-6.0876295993936e-14,-5.5341135229936e-14,0.0,3.7e-11,1.0,0.000181,2.1935742236041e-13,40.740119551389,225.36079584996
10.0,20.0,0.0,0.0,20.0,2.7107133168767e-12,1.6511161579817e-08,-5.0937202762353e-14,-4.630574172466e-14,0.0,3.7e-11,1.0,0.000181,2.7333617968494e-13,41.482294918659,248.50677226932
10.0,21.0,0.0,0.0,21.0,2.7513719686147e-12,1.6758262687274e-08,-4.0998165421957e-14,-3.7270404105307e-14,0.0,3.7e-11,1.0,0.000181,3.2724282028819e-13,42.089529308933,268.85421719758
10.0,22.0,0.0,0.0,22.0,2.7829953120976e-12,1.6950452148469e-08,-3.1059173761558e-14,-2.8235112161695e-14,0.0,3.7e-11,1.0,0.000181,3.7641884204165e-13,42.561822722905,285.60185911097
10.0,23.0,0.0,0.0,23.0,2.8055833863691e-12,1.7087730179133e-08,-1.8635482147189e-14,-1.694104518888e-14,0.0,3.7e-11,1.0,0.000181,4.1600715724014e-13,42.899175161113,298.0774889908
10.0,24.0,0.0,0.0,24.0,2.8191362195905e-12,1.7170096934868e-08,-1.118128449303e-14,-1.0164622318068e-14,0.0,3.7e-11,1.0,0.000181,4.4173160318202e-13,43.101586623945,305.77368570759
10.0,25.0,0.0,0.0,25.0,2.8236538287683e-12,1.7197552509639e-08,-1.2423646471665e-15,-1.1294021834265e-15,0.0,3.7e-11,1.0,0.000181,4.5065517349847e-13,43.169057111595,308.37479041498
10.0,26.0,0.0,0.0,26.0,2.8191362195908e-12,1.7170096934868e-08,8.6965537757803e-15,7.9058165284432e-15,0.0,3.7e-11,1.0,0.000181,4.4173160318202e-13,43.101586623908,305.77368570616
10.0,27.0,0.0,0.0,27.0,2.8055833863693e-12,1.7087730179133e-08,1.8635482147189e-14,1.6941045188892e-14,0.0,3.7e-11,1.0,0.000181,4.1600715724014e-13,42.899175161078,298.07748898945
10.0,28.0,0.0,0.0,28.0,2.7829953120978e-12,1.6950452148469e-08,3.1059173761558e-14,2.8235112161705e-14,0.0,3.7e-11,1.0,0.000181,3.7641884204165e-13,42.561822722871,285.60185910973
10.0,29.0,0.0,0.0,29.0,2.7513719686149e-12,1.6758262687274e-08,3.851341363397e-14,3.5011577246885e-14,0.0,3.7e-11,1.0,0.000181,3.2724282028819e-13,42.089529308901,268.85421719645
10.0,30.0,0.0,0.0,30.0,2.7107133168769e-12,1.6511161579817e-08,4.8452438577604e-14,4.4046902470639e-14,0.0,3.7e-11,1.0,0.000181,2.7333617968494e-13,41.482294918628,248.50677226831
10.0,31.0,0.0,0.0,31.0,2.6610193073397e-12,1.6209148552349e-08,6.0876295993936e-14,5.5341135229947e-14,0.0,3.7e-11,1.0,0.000181,2.1935742236041e-13,40.74011955136,225.36079584908
10.0,32.0,0.0,0.0,32.0,2.6022898804504e-12,1.5852223275816e-08,6.8330658426362e-14,6.2117722863581e-14,0.0,3.7e-11,1.0,0.000181,1.6913588836878e-13,39.863003206253,200.30408403594
10.0,33.0,0.0,0.0,33.0,2.5345249672478e-12,1.5440385369181e-08,7.8269872293388e-14,7.1153236992683e-14,0.0,3.7e-11,1.0,0.000181,1.2529894787478e-13,38.850945882317,174.26395765902
10.0,34.0,0.0,0.0,34.0,2.4577244900723e-12,1.4973634403343e-08,8.8209166918356e-14,8.0188831871751e-14,0.0,3.7e-11,1.0,0.000181,8.9184072570647e-14,37.703947578416,148.15846012661
10.0,35.0,0.0,0.0,35.0,2.3718883633847e-12,1.4451969905661e-08,1.0063341017591e-13,9.1483450434262e-14,0.0,3.7e-11,1.0,0.000181,6.098954554746e-14,36.422008293267,122.84859874265
10.0,36.0,0.0,0.0,36.0,2.2770164946942e-12,1.3875391365086e-08,1.1057291262229e-13,1.0051925311333e-13,0.0,3.7e-11,1.0,0.000181,4.0072986943924e-14,35.00512802545,99.09452138362
10.0,37.0,0.0,0.0,37.0,2.1731087855962e-12,1.3243898237888e-08,1.2051251665261e-13,1.0955515736535e-13,0.0,3.7e-11,1.0,0.000181,2.5297421284312e-14,33.453306773408,77.518411849172
10.0,38.0,0.0,0.0,38.0,2.0601651329189e-12,1.2557489953994e-08,1.3045222626725e-13,1.1859116718982e-13,0.0,3.7e-11,1.0,0.000181,1.5343661620602e-14,31.76654453545,58.576612761031
10.0,39.0,0.0,0.0,39.0,1.9381854299788e-12,1.1816165923924e-08,1.4039204414243e-13,1.2762728526211e-13,0.0,3.7e-11,1.0,0.000181,8.9414919944237e-15,29.944841309754,42.543037554981
10.0,40.0,0.0,0.0,40.0,1.8071695679461e-12,1.1019925546338e-08,1.5033197152098e-13,1.3666351282422e-13,0.0,3.7e-11,1.0,0.000181,5.0063267623354e-15,27.988197094374,29.505311019045
10.0,41.0,0.0,0.0,41.0,1.6671174373188e-12,1.0168768216175e-08,1.6027200810306e-13,1.4569984957554e-13,0.0,3.7e-11,1.0,0.000181,2.6931256345797e-15,25.896611887246,19.374285512737
10.0,42.0,0.0,0.0,42.0,1.5180289295067e-12,9.2626933334093e-09,1.7021215193697e-13,1.547362935636e-13,0.0,3.7e-11,1.0,0.000181,1.3919455781863e-15,23.670085686185,11.906630091312
10.0,43.0,0.0,0.0,43.0,1.3599039385238e-12,8.3017003123973e-09,1.8015239930981e-13,1.6377284107478e-13,0.0,3.7e-11,1.0,0.000181,6.9121971780476e-16,21.308618488898,6.7391053345583
10.0,44.0,0.0,0.0,44.0,1.1927423627905e-12,7.2857885918375e-09,1.900927446383e-13,1.7280948652511e-13,0.0,3.7e-11,1.0,0.000181,3.2979054604717e-16,18.812210292985,3.431954694072
10.0,45.0,0.0,0.0,45.0,1.0165441070451e-12,6.2149576453294e-09,2.0003318035947e-13,1.8184622235097e-13,0.0,3.7e-11,1.0,0.000181,1.5117796877966e-16,16.180861095947,1.5176197273193
10.0,46.0,0.0,0.0,46.0,8.3130908436429e-13,5.0892069925379e-09,2.0997369682139e-13,1.9088303889982e-13,0.0,3.7e-11,1.0,0.000181,6.658356291448e-17,13.414570895187,0.54980560078381
10.0,47.0,0.0,0.0,47.0,6.3703721829317e-13,3.9085362109604e-09,2.1991428217392e-13,1.9991992432093e-13,0.0,3.7e-11,1.0,0.000181,2.8175639131026e-17,10.51333968802,0.1469119078768
10.0,48.0,0.0,0.0,48.0,4.3372844508421e-13,2.6729449482985e-09,2.2985492225942e-13,2.0895686445615e-13,0.0,3.7e-11,1.0,0.000181,1.1455360014475e-17,7.4771674716764,0.023203206423794
10.0,49.0,0.0,0.0,49.0,2.2138271604582e-13,1.3824329354324e-09,2.3979560050352e-13,2.1799384273058e-13,0.0,3.7e-11,1.0,0.000181,4.474782485707e-18,4.3060542433098,0.0011686632773933
10.0,50.0,0.0,0.0,50.0,0.0,3.7e-11,2.4725112283615e-13,2.2477159007295e-13,0.0,3.7e-11,1.0,0.000181,1.6794355318317e-18,1.0,4.3037883693406e-07
20.0,0.0,0.0,0.0,0.0,0.0,3.7e-11,-2.6972850377572e-13,-2.24769435829e-13,0.0,3.7e-11,1.0,0.000181,1.6794355318317e-18,1.0,4.3037883693406e-07
20.0,1.0,0.0,0.0,1.0,2.2138056188459e-13,1.5047450543495e-09,-2.6159520667504e-13,-2.1799168871451e-13,0.0,3.7e-11,1.0,0.000181,4.474782485707e-18,7.6121088476426,0.025563171546224
20.0,2.0,0.0,0.0,2.0,4.3372413790666e-13,2.9125763748375e-09,-2.5075083037103e-13,-2.0895471236555e-13,0.0,3.7e-11,1.0,0.000181,1.1455360014475e-17,13.954335663571,0.68075219748026
20.0,3.0,0.0,0.0,3.0,6.370307620435e-13,4.2604941493491e-09,-2.3990649566837e-13,-1.9991777758841e-13,0.0,3.7e-11,1.0,0.000181,2.8175639131026e-17,20.026680452246,4.8158752308318
20.0,4.0,0.0,0.0,4.0,8.313004873794e-13,5.5484986713277e-09,-2.2906222064913e-13,-1.9088090246604e-13,0.0,3.7e-11,1.0,0.000181,6.658356291448e-17,25.829143217995,19.102501888192
20.0,5.0,0.0,0.0,5.0,1.0165333834245e-12,6.7765903249623e-09,-2.1821802075892e-13,-1.8184410244502e-13,0.0,3.7e-11,1.0,0.000181,1.5117796877966e-16,31.361723965004,54.646182174503
20.0,6.0,0.0,0.0,6.0,1.1927295335532e-12,7.9447695710337e-09,-2.0737390892612e-13,-1.7280739045471e-13,0.0,3.7e-11,1.0,0.000181,3.2979054604717e-16,36.624422697317,126.59154357187
20.0,7.0,0.0,0.0,7.0,1.3598890325607e-12,9.0530369334176e-09,-1.9652989568105e-13,-1.6377077702649e-13,0.0,3.7e-11,1.0,0.000181,6.9121971780476e-16,41.617239418822,252.91624033138
20.0,8.0,0.0,0.0,8.0,1.5180119843406e-12,1.0101392986248e-08,-1.8568598927524e-13,-1.5473427041293e-13,0.0,3.7e-11,1.0,0.000181,1.3919455781863e-15,46.340174133251,452.683478291
20.0,9.0,0.0,0.0,9.0,1.6670984996796e-12,1.108983834174e-08,-1.7484219580054e-13,-1.4569787670701e-13,0.0,3.7e-11,1.0,0.000181,2.6931256345797e-15,50.793226844171,744.03105866413
20.0,10.0,0.0,0.0,10.0,1.807148694173e-12,1.2018373638667e-08,-1.639985193084e-13,-1.3666159996133e-13,0.0,3.7e-11,1.0,0.000181,5.0063267623354e-15,54.976397554981,1142.1505094537
20.0,11.0,0.0,0.0,11.0,1.9381626862585e-12,1.2886999531499e-08,-1.5315496192901e-13,-1.2762544230727e-13,0.0,3.7e-11,1.0,0.000181,8.9414919944237e-15,58.889686268902,1657.4686171425
20.0,12.0,0.0,0.0,12.0,2.0601405953698e-12,1.3695716680204e-08,-1.4231152399052e-13,-1.1858940407422e-13,0.0,3.7e-11,1.0,0.000181,1.5343661620602e-14,62.533092988975,2294.1945438319
20.0,13.0,0.0,0.0,13.0,2.1730825402089e-12,1.44445257407e-08,-1.3146820413824e-13,-1.0955348390872e-13,0.0,3.7e-11,1.0,0.000181,2.5297421284312e-14,65.906617718056,3049.3443623241
20.0,14.0,0.0,0.0,14.0,2.2769886371375e-12,1.5133427355968e-08,-1.2062499945376e-13,-1.0051767889367e-13,0.0,3.7e-11,1.0,0.000181,4.0072986943924e-14,69.010260458809,3912.3049690349
20.0,15.0,0.0,0.0,15.0,2.3718589986883e-12,1.5762422147826e-08,-1.097819055742e-13,-9.1481984667491e-14,0.0,3.7e-11,1.0,0.000181,6.098954554746e-14,71.844021213703,4864.9534127027
20.0,16.0,0.0,0.0,16.0,2.4576937321948e-12,1.6331510709362e-08,-9.8938916811292e-14,-8.2446395543285e-14,0.0,3.7e-11,1.0,0.000181,8.9184072570647e-14,74.407899985008,5882.3073329038
20.0,17.0,0.0,0.0,17.0,2.5344929385404e-12,1.6840693598018e-08,-8.5385318069524e-14,-7.1152046331327e-14,0.0,3.7e-11,1.0,0.000181,1.2529894787478e-13,76.701896774788,6933.6484563002
20.0,18.0,0.0,0.0,18.0,2.6022567110267e-12,1.7289971329341e-08,-7.7253225970698e-14,-6.4375503941537e-14,0.0,3.7e-11,1.0,0.000181,1.6913588836878e-13,78.726011584902,7984.034514829
20.0,19.0,0.0,0.0,19.0,2.660985134361e-12,1.767934437139e-08,-6.6410506962185e-14,-5.5340184535987e-14,0.0,3.7e-11,1.0,0.000181,2.1935742236041e-13,80.480244416998,8996.0957414459
20.0,20.0,0.0,0.0,20.0,2.710678283763e-12,1.8008813139796e-08,-5.5567859446966e-14,-4.6304936614672e-14,0.0,3.7e-11,1.0,0.000181,2.7333617968494e-13,81.964595272508,9932.0002005392
20.0,21.0,0.0,0.0,21.0,2.7513362241903e-12,1.8278377993484e-08,-4.4725272897321e-14,-3.7269749651321e-14,0.0,3.7e-11,1.0,0.000181,3.2724282028819e-13,83.179064152652,10755.467334061
20.0,22.0,0.0,0.0,22.0,2.7829590096835e-12,1.848803923106e-08,-3.388273617504e-14,-2.823461250919e-14,0.0,3.7e-11,1.0,0.000181,3.7641884204165e-13,84.123651058429,11433.710783019
20.0,23.0,0.0,0.0,23.0,2.80554668283e-12,1.8637797087841e-08,-2.0329617587849e-14,-1.6940743390808e-14,0.0,3.7e-11,1.0,0.000181,4.1600715724014e-13,84.798355990617,11939.199163287
20.0,24.0,0.0,0.0,24.0,2.8190992743471e-12,1.8727651733557e-08,-1.2197765322042e-14,-1.0164440803995e-14,0.0,3.7e-11,1.0,0.000181,4.4173160318202e-13,85.203178949774,12251.13630258
20.0,25.0,0.0,0.0,25.0,2.8236168027847e-12,1.8757603270704e-08,-1.3553069345817e-15,-1.1293819882981e-15,0.0,3.7e-11,1.0,0.000181,4.5065517349847e-13,85.338119936193,12356.579655245
20.0,26.0,0.0,0.0,26.0,2.8190992743474e-12,1.8727651733557e-08,9.4871499007743e-15,7.9056752754936e-15,0.0,3.7e-11,1.0,0.000181,4.4173160318202e-13,85.203178949733,12251.136302548
20.0,27.0,0.0,0.0,27.0,2.8055466828303e-12,1.8637797087841e-08,2.0329617587849e-14,1.6940743390817e-14,0.0,3.7e-11,1.0,0.000181,4.1600715724014e-13,84.798355990578,11939.199163257
20.0,28.0,0.0,0.0,28.0,2.7829590096838e-12,1.848803923106e-08,3.388273617504e-14,2.8234612509203e-14,0.0,3.7e-11,1.0,0.000181,3.7641884204165e-13,84.123651058391,11433.710782992
20.0,29.0,0.0,0.0,29.0,2.7513362241906e-12,1.8278377993484e-08,4.2014634492234e-14,3.5010961141801e-14,0.0,3.7e-11,1.0,0.000181,3.2724282028819e-13,83.179064152617,10755.467334036
20.0,30.0,0.0,0.0,30.0,2.7106782837632e-12,1.8008813139796e-08,5.2857207519601e-14,4.4046134584548e-14,0.0,3.7e-11,1.0,0.000181,2.7333617968494e-13,81.964595272474,9932.0002005168
20.0,31.0,0.0,0.0,31.0,2.6609851343612e-12,1.767934437139e-08,6.6410506962183e-14,5.5340184535998e-14,0.0,3.7e-11,1.0,0.000181,2.1935742236041e-13,80.480244416965,8996.0957414264
20.0,32.0,0.0,0.0,32.0,2.6022567110269e-12,1.7289971329341e-08,7.4542538966649e-14,6.2116666839169e-14,0.0,3.7e-11,1.0,0.000181,1.6913588836878e-13,78.726011584871,7984.0345148121
20.0,33.0,0.0,0.0,33.0,2.5344929385406e-12,1.6840693598018e-08,8.5385318069522e-14,7.1152046331338e-14,0.0,3.7e-11,1.0,0.000181,1.2529894787478e-13,76.701896774759,6933.6484562861
20.0,34.0,0.0,0.0,34.0,2.457693732195e-12,1.6331510709362e-08,9.6228185261905e-14,8.0187513901447e-14,0.0,3.7e-11,1.0,0.000181,8.9184072570647e-14,74.40789998498,5882.3073328921
20.0,35.0,0.0,0.0,35.0,2.3718589986885e-12,1.5762422147826e-08,1.097819055742e-13,9.1481984667504e-14,0.0,3.7e-11,1.0,0.000181,6.098954554746e-14,71.844021213678,4864.9534126933
20.0,36.0,0.0,0.0,36.0,2.2769886371377e-12,1.5133427355968e-08,1.2062499945376e-13,1.0051767889368e-13,0.0,3.7e-11,1.0,0.000181,4.0072986943924e-14,69.010260458785,3912.3049690276
20.0,37.0,0.0,0.0,37.0,2.173082540209e-12,1.44445257407e-08,1.3146820413824e-13,1.0955348390873e-13,0.0,3.7e-11,1.0,0.000181,2.5297421284312e-14,65.906617718034,3049.3443623185
20.0,38.0,0.0,0.0,38.0,2.06014059537e-12,1.3695716680204e-08,1.4231152399052e-13,1.1858940407423e-13,0.0,3.7e-11,1.0,0.000181,1.5343661620602e-14,62.533092988955,2294.1945438278
20.0,39.0,0.0,0.0,39.0,1.9381626862586e-12,1.2886999531499e-08,1.5315496192901e-13,1.2762544230729e-13,0.0,3.7e-11,1.0,0.000181,8.9414919944237e-15,58.889686268883,1657.4686171396
20.0,40.0,0.0,0.0,40.0,1.8071486941731e-12,1.2018373638667e-08,1.639985193084e-13,1.3666159996134e-13,0.0,3.7e-11,1.0,0.000181,5.0063267623354e-15,54.976397554964,1142.1505094518
20.0,41.0,0.0,0.0,41.0,1.6670984996797e-12,1.108983834174e-08,1.7484219580054e-13,1.4569787670702e-13,0.0,3.7e-11,1.0,0.000181,2.6931256345797e-15,50.793226844156,744.0310586629
20.0,42.0,0.0,0.0,42.0,1.5180119843407e-12,1.0101392986248e-08,1.8568598927524e-13,1.5473427041294e-13,0.0,3.7e-11,1.0,0.000181,1.3919455781863e-15,46.340174133237,452.68347829028
20.0,43.0,0.0,0.0,43.0,1.3598890325608e-12,9.0530369334176e-09,1.9652989568105e-13,1.637707770265e-13,0.0,3.7e-11,1.0,0.000181,6.9121971780476e-16,41.61723941881,252.91624033098
20.0,44.0,0.0,0.0,44.0,1.1927295335532e-12,7.9447695710336e-09,2.0737390892612e-13,1.7280739045472e-13,0.0,3.7e-11,1.0,0.000181,3.2979054604717e-16,36.624422697306,126.59154357168
20.0,45.0,0.0,0.0,45.0,1.0165333834246e-12,6.7765903249623e-09,2.1821802075892e-13,1.8184410244503e-13,0.0,3.7e-11,1.0,0.000181,1.5117796877966e-16,31.361723964996,54.646182174422
20.0,46.0,0.0,0.0,46.0,8.3130048737944e-13,5.5484986713277e-09,2.2906222064913e-13,1.9088090246605e-13,0.0,3.7e-11,1.0,0.000181,6.658356291448e-17,25.829143217988,19.102501888165
20.0,47.0,0.0,0.0,47.0,6.3703076204353e-13,4.2604941493491e-09,2.3990649566837e-13,1.9991777758842e-13,0.0,3.7e-11,1.0,0.000181,2.8175639131026e-17,20.026680452241,4.8158752308251
20.0,48.0,0.0,0.0,48.0,4.3372413790668e-13,2.9125763748375e-09,2.5075083037103e-13,2.0895471236556e-13,0.0,3.7e-11,1.0,0.000181,1.1455360014475e-17,13.954335663568,0.68075219747935
20.0,49.0,0.0,0.0,49.0,2.213805618846e-13,1.5047450543495e-09,2.6159520667504e-13,2.1799168871452e-13,0.0,3.7e-11,1.0,0.000181,4.474782485707e-18,7.6121088476409,0.025563171546193
20.0,50.0,0.0,0.0,50.0,0.0,3.7e-11,2.6972850377572e-13,2.2476943582901e-13,0.0,3.7e-11,1.0,0.000181,1.6794355318317e-18,1.0,4.3037883693406e-07
30.0,0.0,0.0,0.0,0.0,0.0,3.7e-11,-2.9220588476909e-13,-2.2476728163885e-13,0.0,3.7e-11,1.0,0.000181,1.6794355318317e-18,1.0,4.3037883693406e-07
30.0,1.0,0.0,0.0,1.0,2.2137840777716e-13,1.6270571735637e-09,-2.8339481290034e-13,-2.1798953475225e-13,0.0,3.7e-11,1.0,0.000181,4.474782485707e-18,10.918163451974,0.18026809813917
30.0,2.0,0.0,0.0,2.0,4.337198308367e-13,3.1522078019709e-09,-2.7164673853638e-13,-2.0895256032873e-13,0.0,3.7e-11,1.0,0.000181,1.1455360014475e-17,20.431503855463,5.3671416456056
30.0,3.0,0.0,0.0,3.0,6.3702430595512e-13,4.6124520886288e-09,-2.5989870921647e-13,-1.9991563090954e-13,0.0,3.7e-11,1.0,0.000181,2.8175639131026e-17,29.540021216469,39.519960181956
30.0,4.0,0.0,0.0,4.0,8.3129189060934e-13,6.0077903513042e-09,-2.4815074453031e-13,-1.9087876608571e-13,0.0,3.7e-11,1.0,0.000181,6.658356291448e-17,38.243715540797,160.013837163
30.0,5.0,0.0,0.0,5.0,1.0165226600721e-12,7.3382230060761e-09,-2.3640286121146e-13,-1.8184198259217e-13,0.0,3.7e-11,1.0,0.000181,1.5117796877966e-16,46.542586834055,463.49531702559
30.0,6.0,0.0,0.0,6.0,1.1927167046367e-12,8.6037505520023e-09,-2.2465507326651e-13,-1.728052944369e-13,0.0,3.7e-11,1.0,0.000181,3.2979054604717e-16,54.436635101639,1082.7246287075
30.0,7.0,0.0,0.0,7.0,1.3598741269708e-12,9.8043735564986e-09,-2.1290739210419e-13,-1.637687130301e-13,0.0,3.7e-11,1.0,0.000181,6.9121971780476e-16,61.925860348735,2176.106934996
30.0,8.0,0.0,0.0,8.0,1.5179950395989e-12,1.0940092641432e-08,-2.0115982666451e-13,-1.5473224731326e-13,0.0,3.7e-11,1.0,0.000181,1.3919455781863e-15,69.010262580304,3912.3056203592
30.0,9.0,0.0,0.0,9.0,1.6670795625151e-12,1.2010908469928e-08,-1.8941238354788e-13,-1.4569590388835e-13,0.0,3.7e-11,1.0,0.000181,2.6931256345797e-15,75.689841801083,6452.4202548396
30.0,10.0,0.0,0.0,10.0,1.8071278209236e-12,1.3016821733889e-08,-1.7766506714431e-13,-1.3665968714694e-13,0.0,3.7e-11,1.0,0.000181,5.0063267623354e-15,81.964598015572,9932.0020005807
30.0,11.0,0.0,0.0,11.0,1.9381399431095e-12,1.395783314223e-08,-1.6591787976244e-13,-1.2762359939931e-13,0.0,3.7e-11,1.0,0.000181,8.9414919944237e-15,87.834531228033,14444.814325539
30.0,12.0,0.0,0.0,12.0,2.0601160584377e-12,1.4833943409823e-08,-1.5417082175878e-13,-1.1858764100361e-13,0.0,3.7e-11,1.0,0.000181,1.5343661620602e-14,93.299641442483,20029.809291256
30.0,13.0,0.0,0.0,13.0,2.1730562954822e-12,1.5645153247161e-08,-1.424238916667e-13,-1.0955181049493e-13,0.0,3.7e-11,1.0,0.000181,2.5297421284312e-14,98.359928662685,26662.330815666
30.0,14.0,0.0,0.0,14.0,2.2769607802828e-12,1.6391463350727e-08,-1.3067708632567e-13,-1.0051610471444e-13,0.0,3.7e-11,1.0,0.000181,4.0072986943924e-14,103.01539289215,34250.109862117
30.0,15.0,0.0,0.0,15.0,2.3718296347328e-12,1.7072874394083e-08,-1.1893040101024e-13,-9.1480518938489e-14,0.0,3.7e-11,1.0,0.000181,6.098954554746e-14,107.26603413412,42634.204911195
30.0,16.0,0.0,0.0,16.0,2.4576629750941e-12,1.7689387019671e-08,-1.0718382955924e-13,-8.2445047007668e-14,0.0,3.7e-11,1.0,0.000181,8.9184072570647e-14,111.11185239158,51594.67911163
30.0,17.0,0.0,0.0,17.0,2.5344609106427e-12,1.8241001831327e-08,-9.2500763876531e-14,-7.1150855700853e-14,0.0,3.7e-11,1.0,0.000181,1.2529894787478e-13,114.55284766723,60860.502453056
30.0,18.0,0.0,0.0,18.0,2.6022235424423e-12,1.8727719387503e-08,-8.3690997201438e-14,-6.4374413639692e-14,0.0,3.7e-11,1.0,0.000181,1.6913588836878e-13,117.58901996352,70122.928307379
30.0,19.0,0.0,0.0,19.0,2.6609509622478e-12,1.9149540195212e-08,-7.1944717955187e-14,-5.5339233866793e-14,0.0,3.7e-11,1.0,0.000181,2.1935742236041e-13,120.22036928261,79051.420717087
30.0,20.0,0.0,0.0,20.0,2.7106432515369e-12,1.9506464704678e-08,-6.0198516152589e-14,-4.6304131525688e-14,0.0,3.7e-11,1.0,0.000181,2.7333617968494e-13,122.44689562636,87311.101329107
30.0,21.0,0.0,0.0,21.0,2.7513004806721e-12,1.9798493304701e-08,-4.8452380389789e-14,-3.7269095214436e-14,0.0,3.7e-11,1.0,0.000181,3.2724282028819e-13,124.26859899637,94580.640332991
30.0,22.0,0.0,0.0,22.0,2.7829227081903e-12,2.0025626318738e-08,-3.6706298601599e-14,-2.8234112869763e-14,0.0,3.7e-11,1.0,0.000181,3.7641884204165e-13,125.68547939395,100569.52998843
30.0,23.0,0.0,0.0,23.0,2.8055099802223e-12,2.0187864001694e-08,-2.202375303642e-14,-1.694044160064e-14,0.0,3.7e-11,1.0,0.000181,4.1600715724014e-13,126.69753682012,105033.74682758
30.0,24.0,0.0,0.0,24.0,2.8190623300414e-12,2.0285206537426e-08,-1.3214246155814e-14,-1.0164259294682e-14,0.0,3.7e-11,1.0,0.000181,4.4173160318202e-13,127.3047712756,107788.92283464
30.0,25.0,0.0,0.0,25.0,2.8235797777408e-12,2.0317654036961e-08,-1.4682492225263e-15,-1.1293617936997e-15,0.0,3.7e-11,1.0,0.000181,4.5065517349847e-13,127.50718276079,108720.29942916
30.0,26.0,0.0,0.0,26.0,2.8190623300417e-12,2.0285206537426e-08,1.0277746029469e-14,7.9055340262485e-15,0.0,3.7e-11,1.0,0.000181,4.4173160318202e-13,127.30477127556,107788.92283443
30.0,27.0,0.0,0.0,27.0,2.8055099802226e-12,2.0187864001694e-08,2.2023753036418e-14,1.6940441600653e-14,0.0,3.7e-11,1.0,0.000181,4.1600715724014e-13,126.69753682008,105033.74682739
30.0,28.0,0.0,0.0,28.0,2.7829227081906e-12,2.0025626318738e-08,3.6706298601599e-14,2.8234112869776e-14,0.0,3.7e-11,1.0,0.000181,3.7641884204165e-13,125.68547939391,100569.52998826
30.0,29.0,0.0,0.0,29.0,2.7513004806724e-12,1.9798493304701e-08,4.5515855366609e-14,3.5010345052824e-14,0.0,3.7e-11,1.0,0.000181,3.2724282028819e-13,124.26859899633,94580.640332832
30.0,30.0,0.0,0.0,30.0,2.7106432515372e-12,1.9506464704678e-08,5.7261976481644e-14,4.4045366718501e-14,0.0,3.7e-11,1.0,0.000181,2.7333617968494e-13,122.44689562632,87311.101328966
30.0,31.0,0.0,0.0,31.0,2.660950962248e-12,1.9149540195212e-08,7.1944717955185e-14,5.5339233866805e-14,0.0,3.7e-11,1.0,0.000181,2.1935742236041e-13,120.22036928257,79051.420716963
30.0,32.0,0.0,0.0,32.0,2.6022235424425e-12,1.8727719387503e-08,8.0754419534388e-14,6.2115610842209e-14,0.0,3.7e-11,1.0,0.000181,1.6913588836878e-13,117.58901996349,70122.928307272
30.0,33.0,0.0,0.0,33.0,2.5344609106429e-12,1.8241001831327e-08,9.2500763876531e-14,7.1150855700864e-14,0.0,3.7e-11,1.0,0.000181,1.2529894787478e-13,114.5528476672,60860.502452966
30.0,34.0,0.0,0.0,34.0,2.4576629750943e-12,1.7689387019671e-08,1.0424720363953e-13,8.018619596522e-14,0.0,3.7e-11,1.0,0.000181,8.9184072570647e-14,111.11185239155,51594.679111557
30.0,35.0,0.0,0.0,35.0,2.371829634733e-12,1.7072874394083e-08,1.1893040101024e-13,9.14805189385e-14,0.0,3.7e-11,1.0,0.000181,6.098954554746e-14,107.26603413409,42634.204911136
30.0,36.0,0.0,0.0,36.0,2.276960780283e-12,1.6391463350727e-08,1.3067708632567e-13,1.0051610471446e-13,0.0,3.7e-11,1.0,0.000181,4.0072986943924e-14,103.01539289212,34250.109862071
30.0,37.0,0.0,0.0,37.0,2.1730562954823e-12,1.5645153247161e-08,1.424238916667e-13,1.0955181049494e-13,0.0,3.7e-11,1.0,0.000181,2.5297421284312e-14,98.359928662661,26662.330815631
30.0,38.0,0.0,0.0,38.0,2.0601160584379e-12,1.4833943409823e-08,1.5417082175878e-13,1.1858764100362e-13,0.0,3.7e-11,1.0,0.000181,1.5343661620602e-14,93.299641442461,20029.80929123
30.0,39.0,0.0,0.0,39.0,1.9381399431096e-12,1.395783314223e-08,1.6591787976244e-13,1.2762359939932e-13,0.0,3.7e-11,1.0,0.000181,8.9414919944237e-15,87.834531228013,14444.814325521
30.0,40.0,0.0,0.0,40.0,1.8071278209237e-12,1.3016821733889e-08,1.7766506714431e-13,1.3665968714695e-13,0.0,3.7e-11,1.0,0.000181,5.0063267623354e-15,81.964598015554,9932.0020005686
30.0,41.0,0.0,0.0,41.0,1.6670795625152e-12,1.2010908469928e-08,1.8941238354788e-13,1.4569590388836e-13,0.0,3.7e-11,1.0,0.000181,2.6931256345797e-15,75.689841801067,6452.420254832
30.0,42.0,0.0,0.0,42.0,1.517995039599e-12,1.0940092641432e-08,2.0115982666451e-13,1.5473224731327e-13,0.0,3.7e-11,1.0,0.000181,1.3919455781863e-15,69.01026258029,3912.3056203547
30.0,43.0,0.0,0.0,43.0,1.3598741269708e-12,9.8043735564986e-09,2.1290739210419e-13,1.6376871303011e-13,0.0,3.7e-11,1.0,0.000181,6.9121971780476e-16,61.925860348722,2176.1069349936
30.0,44.0,0.0,0.0,44.0,1.1927167046368e-12,8.6037505520023e-09,2.2465507326651e-13,1.7280529443692e-13,0.0,3.7e-11,1.0,0.000181,3.2979054604717e-16,54.436635101628,1082.7246287063
30.0,45.0,0.0,0.0,45.0,1.0165226600722e-12,7.3382230060761e-09,2.3640286121146e-13,1.8184198259218e-13,0.0,3.7e-11,1.0,0.000181,1.5117796877966e-16,46.542586834045,463.49531702509
30.0,46.0,0.0,0.0,46.0,8.3129189060939e-13,6.0077903513042e-09,2.4815074453031e-13,1.9087876608572e-13,0.0,3.7e-11,1.0,0.000181,6.658356291448e-17,38.24371554079,160.01383716283
30.0,47.0,0.0,0.0,47.0,6.3702430595516e-13,4.6124520886288e-09,2.5989870921647e-13,1.9991563090955e-13,0.0,3.7e-11,1.0,0.000181,2.8175639131026e-17,29.540021216463,39.519960181916
30.0,48.0,0.0,0.0,48.0,4.3371983083672e-13,3.1522078019709e-09,2.7164673853638e-13,2.0895256032874e-13,0.0,3.7e-11,1.0,0.000181,1.1455360014475e-17,20.43150385546,5.3671416456004
30.0,49.0,0.0,0.0,49.0,2.2137840777717e-13,1.6270571735637e-09,2.8339481290034e-13,2.1798953475226e-13,0.0,3.7e-11,1.0,0.000181,4.474782485707e-18,10.918163451972,0.18026809813901
30.0,50.0,0.0,0.0,50.0,0.0,3.7e-11,2.9220588476909e-13,2.2476728163886e-13,0.0,3.7e-11,1.0,0.000181,1.6794355318317e-18,1.0,4.3037883693406e-07
40.0,0.0,0.0,0.0,0.0,0.0,3.7e-11,-3.1468326581626e-13,-2.247651275025e-13,0.0,3.7e-11,1.0,0.000181,1.6794355318317e-18,1.0,4.3037883693406e-07
40.0,1.0,0.0,0.0,1.0,2.2137625372353e-13,1.7493692930752e-09,-3.0519441917944e-13,-2.1798738084378e-13,0.0,3.7e-11,1.0,0.000181,4.474782485707e-18,14.224218056305,0.75516460199621
40.0,2.0,0.0,0.0,2.0,4.3371552387431e-13,3.3918392296986e-09,-2.9254264675549e-13,-2.0895040834565e-13,0.0,3.7e-11,1.0,0.000181,1.1455360014475e-17,26.908672047355,23.844574431491
40.0,3.0,0.0,0.0,3.0,6.3701785002801e-13,4.9644100287995e-09,-2.7989092281822e-13,-1.9991348428432e-13,0.0,3.7e-11,1.0,0.000181,2.8175639131026e-17,39.053361980691,179.23770253639
40.0,4.0,0.0,0.0,4.0,8.3128329405407e-13,6.4670820324673e-09,-2.6723926846492e-13,-1.9087662975881e-13,0.0,3.7e-11,1.0,0.000181,6.658356291448e-17,50.658287863599,733.38933740678
40.0,5.0,0.0,0.0,5.0,1.0165119369877e-12,7.8998556886707e-09,-2.5458770171709e-13,-1.8183986279241e-13,0.0,3.7e-11,1.0,0.000181,1.5117796877966e-16,61.723449703104,2137.8646268768
40.0,6.0,0.0,0.0,6.0,1.1927038760411e-12,9.2627315347434e-09,-2.419362376595e-13,-1.7280319847168e-13,0.0,3.7e-11,1.0,0.000181,3.2979054604717e-16,72.248847505961,5015.266439189
40.0,7.0,0.0,0.0,7.0,1.3598592217538e-12,1.055571018164e-08,-2.2928488857922e-13,-1.637666490856e-13,0.0,3.7e-11,1.0,0.000181,6.9121971780476e-16,82.234481278647,10110.395896766
40.0,8.0,0.0,0.0,8.0,1.5179780952815e-12,1.177879229896e-08,-2.1663366410476e-13,-1.5473022426458e-13,0.0,3.7e-11,1.0,0.000181,1.3919455781863e-15,91.680351027358,18217.935734203
40.0,9.0,0.0,0.0,9.0,1.6670606258252e-12,1.2931978600737e-08,-2.0398257134508e-13,-1.4569393111954e-13,0.0,3.7e-11,1.0,0.000181,2.6931256345797e-15,100.58645675799,30098.409592094
40.0,10.0,0.0,0.0,10.0,1.8071069481979e-12,1.4015269832004e-08,-1.913316150287e-13,-1.3665777438103e-13,0.0,3.7e-11,1.0,0.000181,5.0063267623354e-15,108.95279847616,46393.195770878
40.0,11.0,0.0,0.0,11.0,1.9381172005315e-12,1.5028666756116e-08,-1.7868079764274e-13,-1.2762175653821e-13,0.0,3.7e-11,1.0,0.000181,8.9414919944237e-15,116.77937618716,67547.655124492
40.0,12.0,0.0,0.0,12.0,2.0600915221224e-12,1.597217014285e-08,-1.66030119572e-13,-1.1858587797798e-13,0.0,3.7e-11,1.0,0.000181,1.5343661620602e-14,124.06618989599,93749.363997135
40.0,13.0,0.0,0.0,13.0,2.1730300514159e-12,1.6845780757271e-08,-1.53379579238e-13,-1.0955013712397e-13,0.0,3.7e-11,1.0,0.000181,2.5297421284312e-14,130.81323960731,124886.27028063
40.0,14.0,0.0,0.0,14.0,2.2769329241299e-12,1.7649499349363e-08,-1.4072917323799e-13,-1.0051453057564e-13,0.0,3.7e-11,1.0,0.000181,4.0072986943924e-14,137.02052532548,160527.47468886
40.0,15.0,0.0,0.0,15.0,2.3718002715178e-12,1.8383326644431e-08,-1.2807889648404e-13,-9.147905324724e-14,0.0,3.7e-11,1.0,0.000181,6.098954554746e-14,142.68804705453,199927.38733913
40.0,16.0,0.0,0.0,16.0,2.4576322187699e-12,1.9047263334271e-08,-1.1542874234202e-13,-8.2443698506899e-14,0.0,3.7e-11,1.0,0.000181,8.9184072570647e-14,147.81580479814,242052.29225451
40.0,17.0,0.0,0.0,17.0,2.5344288835544e-12,1.9641310069108e-08,-9.9616209714409e-14,-7.1149665101249e-14,0.0,3.7e-11,1.0,0.000181,1.2529894787478e-13,152.40379855968,285626.91374676
40.0,18.0,0.0,0.0,18.0,2.602190374697e-12,2.01654674503e-08,-9.0128768460501e-14,-6.4373323366169e-14,0.0,3.7e-11,1.0,0.000181,1.6913588836878e-13,156.45202834214,329197.44345265
40.0,19.0,0.0,0.0,19.0,2.6609167909997e-12,2.0619736023814e-08,-7.7478928972944e-14,-5.5338283222354e-14,0.0,3.7e-11,1.0,0.000181,2.1935742236041e-13,159.96049414822,371206.66457173
40.0,20.0,0.0,0.0,20.0,2.7106082201984e-12,2.1004116274464e-08,-6.4829172879215e-14,-4.6303326457714e-14,0.0,3.7e-11,1.0,0.000181,2.7333617968494e-13,162.92919598021,410076.29814037
40.0,21.0,0.0,0.0,21.0,2.7512647380601e-12,2.1318608620924e-08,-5.2179487899361e-14,-3.7268440794658e-14,0.0,3.7e-11,1.0,0.000181,3.2724282028819e-13,165.35813384009,444291.48295811
40.0,22.0,0.0,0.0,22.0,2.7828864076178e-12,2.1563213411503e-08,-3.9529861041235e-14,-2.8233613243414e-14,0.0,3.7e-11,1.0,0.000181,3.7641884204165e-13,167.24730772948,472482.36630769
40.0,23.0,0.0,0.0,23.0,2.8054732785458e-12,2.1737930920693e-08,-2.3717888492896e-14,-1.6940139818384e-14,0.0,3.7e-11,1.0,0.000181,4.1600715724014e-13,168.59671764962,493498.10086021
40.0,24.0,0.0,0.0,24.0,2.8190253866732e-12,2.1842761346475e-08,-1.4230726994344e-14,-1.0164077790126e-14,0.0,3.7e-11,1.0,0.000181,4.4173160318202e-13,169.40636360143,506469.08304276
40.0,25.0,0.0,0.0,25.0,2.8235427536367e-12,2.1877704808409e-08,-1.5811915109979e-15,-1.1293415996295e-15,0.0,3.7e-11,1.0,0.000181,4.5065517349847e-13,169.67624558539,510853.99452467
40.0,26.0,0.0,0.0,26.0,2.8190253866735e-12,2.1842761346475e-08,1.1068342161868e-14,7.9053927807048e-15,0.0,3.7e-11,1.0,0.000181,4.4173160318202e-13,169.40636360138,506469.08304199
40.0,27.0,0.0,0.0,27.0,2.8054732785461e-12,2.1737930920693e-08,2.3717888492896e-14,1.6940139818395e-14,0.0,3.7e-11,1.0,0.000181,4.1600715724014e-13,168.59671764958,493498.10085949
40.0,28.0,0.0,0.0,28.0,2.7828864076181e-12,2.1563213411503e-08,3.9529861041235e-14,2.8233613243427e-14,0.0,3.7e-11,1.0,0.000181,3.7641884204165e-13,167.24730772943,472482.36630702
40.0,29.0,0.0,0.0,29.0,2.7512647380604e-12,2.1318608620924e-08,4.901707625709e-14,3.5009728979955e-14,0.0,3.7e-11,1.0,0.000181,3.2724282028819e-13,165.35813384005,444291.48295751
40.0,30.0,0.0,0.0,30.0,2.7106082201987e-12,2.1004116274464e-08,6.1666745463728e-14,4.40445988725e-14,0.0,3.7e-11,1.0,0.000181,2.7333617968494e-13,162.92919598017,410076.29813983
40.0,31.0,0.0,0.0,31.0,2.6609167909999e-12,2.0619736023814e-08,7.7478928972944e-14,5.5338283222367e-14,0.0,3.7e-11,1.0,0.000181,2.1935742236041e-13,159.96049414818,371206.66457126
40.0,32.0,0.0,0.0,32.0,2.6021903746972e-12,2.01654674503e-08,8.6966300129573e-14,6.2114554872697e-14,0.0,3.7e-11,1.0,0.000181,1.6913588836878e-13,156.45202834211,329197.44345225
40.0,33.0,0.0,0.0,33.0,2.5344288835546e-12,1.9641310069108e-08,9.9616209714411e-14,7.1149665101262e-14,0.0,3.7e-11,1.0,0.000181,1.2529894787478e-13,152.40379855964,285626.91374642
40.0,34.0,0.0,0.0,34.0,2.4576322187701e-12,1.9047263334271e-08,1.1226622205123e-13,8.018487806307e-14,0.0,3.7e-11,1.0,0.000181,8.9184072570647e-14,147.81580479811,242052.29225423
40.0,35.0,0.0,0.0,35.0,2.371800271518e-12,1.8383326644431e-08,1.2807889648404e-13,9.1479053247253e-14,0.0,3.7e-11,1.0,0.000181,6.098954554746e-14,142.6880470545,199927.3873389
40.0,36.0,0.0,0.0,36.0,2.2769329241301e-12,1.7649499349363e-08,1.4072917323799e-13,1.0051453057565e-13,0.0,3.7e-11,1.0,0.000181,4.0072986943924e-14,137.02052532546,160527.47468868
40.0,37.0,0.0,0.0,37.0,2.1730300514161e-12,1.6845780757271e-08,1.53379579238e-13,1.0955013712398e-13,0.0,3.7e-11,1.0,0.000181,2.5297421284312e-14,130.81323960729,124886.2702805
40.0,38.0,0.0,0.0,38.0,2.0600915221226e-12,1.597217014285e-08,1.66030119572e-13,1.1858587797799e-13,0.0,3.7e-11,1.0,0.000181,1.5343661620602e-14,124.06618989597,93749.363997038
40.0,39.0,0.0,0.0,39.0,1.9381172005317e-12,1.5028666756116e-08,1.7868079764274e-13,1.2762175653822e-13,0.0,3.7e-11,1.0,0.000181,8.9414919944237e-15,116.77937618714,67547.655124424
40.0,40.0,0.0,0.0,40.0,1.807106948198e-12,1.4015269832004e-08,1.913316150287e-13,1.3665777438104e-13,0.0,3.7e-11,1.0,0.000181,5.0063267623354e-15,108.95279847614,46393.195770832
40.0,41.0,0.0,0.0,41.0,1.6670606258253e-12,1.2931978600737e-08,2.0398257134508e-13,1.4569393111956e-13,0.0,3.7e-11,1.0,0.000181,2.6931256345797e-15,100.58645675798,30098.409592066
40.0,42.0,0.0,0.0,42.0,1.5179780952816e-12,1.177879229896e-08,2.1663366410476e-13,1.5473022426459e-13,0.0,3.7e-11,1.0,0.000181,1.3919455781863e-15,91.680351027342,18217.935734186
40.0,43.0,0.0,0.0,43.0,1.3598592217539e-12,1.055571018164e-08,2.2928488857922e-13,1.6376664908562e-13,0.0,3.7e-11,1.0,0.000181,6.9121971780476e-16,82.234481278634,10110.395896757
40.0,44.0,0.0,0.0,44.0,1.1927038760412e-12,9.2627315347434e-09,2.419362376595e-13,1.728031984717e-13,0.0,3.7e-11,1.0,0.000181,3.2979054604717e-16,72.248847505949,5015.2664391846
40.0,45.0,0.0,0.0,45.0,1.0165119369878e-12,7.8998556886707e-09,2.5458770171709e-13,1.8183986279242e-13,0.0,3.7e-11,1.0,0.000181,1.5117796877966e-16,61.723449703094,2137.8646268749
40.0,46.0,0.0,0.0,46.0,8.3128329405412e-13,6.4670820324673e-09,2.6723926846492e-13,1.9087662975882e-13,0.0,3.7e-11,1.0,0.000181,6.658356291448e-17,50.658287863591,733.38933740617
40.0,47.0,0.0,0.0,47.0,6.3701785002805e-13,4.9644100287995e-09,2.7989092281822e-13,1.9991348428433e-13,0.0,3.7e-11,1.0,0.000181,2.8175639131026e-17,39.053361980685,179.23770253624
40.0,48.0,0.0,0.0,48.0,4.3371552387433e-13,3.3918392296986e-09,2.9254264675549e-13,2.0895040834566e-13,0.0,3.7e-11,1.0,0.000181,1.1455360014475e-17,26.908672047351,23.844574431472
40.0,49.0,0.0,0.0,49.0,2.2137625372354e-13,1.7493692930752e-09,3.0519441917944e-13,2.1798738084379e-13,0.0,3.7e-11,1.0,0.000181,4.474782485707e-18,14.224218056303,0.75516460199564
40.0,50.0,0.0,0.0,50.0,0.0,3.7e-11,3.1468326581626e-13,2.2476512750252e-13,0.0,3.7e-11,1.0,0.000181,1.6794355318317e-18,1.0,4.3037883693406e-07
50.0,0.0,0.0,0.0,0.0,0.0,3.7e-11,-3.3716064691722e-13,-2.2476297341995e-13,0.0,3.7e-11,1.0,0.000181,1.6794355318317e-18,1.0,4.3037883693406e-07
50.0,1.0,0.0,0.0,1.0,2.2137409972369e-13,1.8716814128838e-09,-3.2699402551232e-13,-2.179852269891e-13,0.0,3.7e-11,1.0,0.000181,4.474782485707e-18,17.530272660637,2.3418072267838
50.0,2.0,0.0,0.0,2.0,4.3371121701948e-13,3.6314706580205e-09,-3.1343855502836e-13,-2.0894825641633e-13,0.0,3.7e-11,1.0,0.000181,1.1455360014475e-17,33.385840239247,76.675549134287
50.0,3.0,0.0,0.0,3.0,6.3701139426216e-13,5.316367969861e-09,-2.9988313647361e-13,-1.9991133771274e-13,0.0,3.7e-11,1.0,0.000181,2.8175639131026e-17,48.566702744913,583.66965140216
50.0,4.0,0.0,0.0,4.0,8.3127469771357e-13,6.9263737148171e-09,-2.8632779245296e-13,-1.9087449348535e-13,0.0,3.7e-11,1.0,0.000181,6.658356291448e-17,63.072860186401,2403.4999053082
50.0,5.0,0.0,0.0,5.0,1.0165012141713e-12,8.4614883727459e-09,-2.7277254227581e-13,-1.8183774304574e-13,0.0,3.7e-11,1.0,0.000181,1.5117796877966e-16,76.904312572154,7033.3189905358
50.0,6.0,0.0,0.0,6.0,1.1926910477663e-12,9.9217125192568e-09,-2.5921740210506e-13,-1.7280110255904e-13,0.0,3.7e-11,1.0,0.000181,3.2979054604717e-16,90.061059910283,16541.987419829
50.0,7.0,0.0,0.0,7.0,1.3598443169097e-12,1.1307046808842e-08,-2.4566238510614e-13,-1.6376458519299e-13,0.0,3.7e-11,1.0,0.000181,6.9121971780476e-16,102.54310220856,33408.307210868
50.0,8.0,0.0,0.0,8.0,1.5179611513884e-12,1.2617491958832e-08,-2.32107501596e-13,-1.5472820126688e-13,0.0,3.7e-11,1.0,0.000181,1.3919455781863e-15,114.35043947441,60280.406502425
50.0,9.0,0.0,0.0,9.0,1.6670416896099e-12,1.3853048734169e-08,-2.1855275919213e-13,-1.4569195840059e-13,0.0,3.7e-11,1.0,0.000181,2.6931256345797e-15,125.48307171491,99695.55209265
50.0,10.0,0.0,0.0,10.0,1.8070860759958e-12,1.5013717933012e-08,-2.0499816296157e-13,-1.366558616636e-13,0.0,3.7e-11,1.0,0.000181,5.0063267623354e-15,135.94099893675,153796.44842791
50.0,11.0,0.0,0.0,11.0,1.9380944585247e-12,1.6099500373157e-08,-1.914437155699e-13,-1.2761991372396e-13,0.0,3.7e-11,1.0,0.000181,8.9414919944237e-15,145.7242211463,224074.35494013
50.0,12.0,0.0,0.0,12.0,2.060066986424e-12,1.7110396879285e-08,-1.7788941743021e-13,-1.1858411499731e-13,0.0,3.7e-11,1.0,0.000181,1.5343661620602e-14,154.8327383495,311162.4458436
50.0,13.0,0.0,0.0,13.0,2.1730038080101e-12,1.804640827103e-08,-1.6433526685212e-13,-1.0954846379584e-13,0.0,3.7e-11,1.0,0.000181,2.5297421284312e-14,163.26655055194,414695.57418312
50.0,14.0,0.0,0.0,14.0,2.2769050686789e-12,1.8907535351877e-08,-1.5078126019073e-13,-1.0051295647725e-13,0.0,3.7e-11,1.0,0.000181,4.0072986943924e-14,171.02565775882,533245.52565795
50.0,15.0,0.0,0.0,15.0,2.3717709090434e-12,1.9693778898871e-08,-1.3722739199559e-13,-9.1477587593746e-14,0.0,3.7e-11,1.0,0.000181,6.098954554746e-14,178.11005997494,664334.31737074
50.0,16.0,0.0,0.0,16.0,2.4576014632222e-12,2.0405139653161e-08,-1.2367365515965e-13,-8.2442350040966e-14,0.0,3.7e-11,1.0,0.000181,8.9184072570647e-14,184.51975720471,804522.34915109
50.0,17.0,0.0,0.0,17.0,2.5343968572755e-12,2.1041618311361e-08,-1.0673165558316e-13,-7.1148474532513e-14,0.0,3.7e-11,1.0,0.000181,1.2529894787478e-13,190.25474945212,949563.39929302
50.0,18.0,0.0,0.0,18.0,2.6021572077906e-12,2.1603215517733e-08,-9.6566539747885e-14,-6.4372233120971e-14,0.0,3.7e-11,1.0,0.000181,1.6913588836878e-13,195.31503672077,1094614.6553157
50.0,19.0,0.0,0.0,19.0,2.6608826206167e-12,2.2089931857195e-08,-8.3013140015452e-14,-5.5337332602669e-14,0.0,3.7e-11,1.0,0.000181,2.1935742236041e-13,199.70061901382,1234487.2157781
50.0,20.0,0.0,0.0,20.0,2.7105731897475e-12,2.2501767849153e-08,-6.9459829626847e-14,-4.6302521410744e-14,0.0,3.7e-11,1.0,0.000181,2.7333617968494e-13,203.41149633406,1363920.7832672
50.0,21.0,0.0,0.0,21.0,2.7512289963542e-12,2.2838723942153e-08,-5.590659542604e-14,-3.7267786391986e-14,0.0,3.7e-11,1.0,0.000181,3.2724282028819e-13,206.44766868381,1477865.5513654
50.0,22.0,0.0,0.0,22.0,2.782850107966e-12,2.3100800509355e-08,-4.2353423493946e-14,-2.8233113630138e-14,0.0,3.7e-11,1.0,0.000181,3.7641884204165e-13,208.809136065,1571754.5037204
50.0,23.0,0.0,0.0,23.0,2.8054365778006e-12,2.3287997844836e-08,-2.5412023957283e-14,-1.6939838044033e-14,0.0,3.7e-11,1.0,0.000181,4.1600715724014e-13,210.49589847913,1641750.4042704
50.0,24.0,0.0,0.0,24.0,2.8189884442426e-12,2.3400316160704e-08,-1.5247207837633e-14,-1.0163896290327e-14,0.0,3.7e-11,1.0,0.000181,4.4173160318202e-13,211.50795592726,1684953.5602547
50.0,25.0,0.0,0.0,25.0,2.8235057304722e-12,2.3437755585049e-08,-1.694133799999e-15,-1.1293214060893e-15,0.0,3.7e-11,1.0,0.000181,4.5065517349847e-13,211.84530840999,1699558.8662815
50.0,26.0,0.0,0.0,26.0,2.818988444243e-12,2.3400316160704e-08,1.185893829797e-14,7.9052515388655e-15,0.0,3.7e-11,1.0,0.000181,4.4173160318202e-13,211.50795592721,1684953.5602525
50.0,27.0,0.0,0.0,27.0,2.8054365778009e-12,2.3287997844836e-08,2.541202395728e-14,1.6939838044047e-14,0.0,3.7e-11,1.0,0.000181,4.1600715724014e-13,210.49589847908,1641750.4042683
50.0,28.0,0.0,0.0,28.0,2.7828501079663e-12,2.3100800509355e-08,4.2353423493946e-14,2.8233113630154e-14,0.0,3.7e-11,1.0,0.000181,3.7641884204165e-13,208.80913606495,1571754.5037185
50.0,29.0,0.0,0.0,29.0,2.7512289963545e-12,2.2838723942153e-08,5.2518297163679e-14,3.5009112923195e-14,0.0,3.7e-11,1.0,0.000181,3.2724282028819e-13,206.44766868377,1477865.5513636
50.0,30.0,0.0,0.0,30.0,2.7105731897478e-12,2.2501767849153e-08,6.6071514465857e-14,4.4043831046543e-14,0.0,3.7e-11,1.0,0.000181,2.7333617968494e-13,203.41149633402,1363920.7832656
50.0,31.0,0.0,0.0,31.0,2.6608826206169e-12,2.2089931857195e-08,8.3013140015452e-14,5.5337332602682e-14,0.0,3.7e-11,1.0,0.000181,2.1935742236041e-13,199.70061901378,1234487.2157768
50.0,32.0,0.0,0.0,32.0,2.6021572077909e-12,2.1603215517733e-08,9.3178180752211e-14,6.2113498930633e-14,0.0,3.7e-11,1.0,0.000181,1.6913588836878e-13,195.31503672073,1094614.6553145
50.0,33.0,0.0,0.0,33.0,2.5343968572757e-12,2.1041618311361e-08,1.0673165558316e-13,7.1148474532526e-14,0.0,3.7e-11,1.0,0.000181,1.2529894787478e-13,190.25474945209,949563.39929206
50.0,34.0,0.0,0.0,34.0,2.4576014632225e-12,2.0405139653161e-08,1.20285240497e-13,8.0183560194992e-14,0.0,3.7e-11,1.0,0.000181,8.9184072570647e-14,184.51975720468,804522.34915029
50.0,35.0,0.0,0.0,35.0,2.3717709090436e-12,1.9693778898871e-08,1.3722739199559e-13,9.1477587593759e-14,0.0,3.7e-11,1.0,0.000181,6.098954554746e-14,178.11005997491,664334.31737011
50.0,36.0,0.0,0.0,36.0,2.2769050686791e-12,1.8907535351877e-08,1.5078126019073e-13,1.0051295647726e-13,0.0,3.7e-11,1.0,0.000181,4.0072986943924e-14,171.02565775879,533245.52565745
50.0,37.0,0.0,0.0,37.0,2.1730038080103e-12,1.804640827103e-08,1.6433526685212e-13,1.0954846379585e-13,0.0,3.7e-11,1.0,0.000181,2.5297421284312e-14,163.26655055191,414695.57418274
50.0,38.0,0.0,0.0,38.0,2.0600669864241e-12,1.7110396879285e-08,1.7788941743021e-13,1.1858411499733e-13,0.0,3.7e-11,1.0,0.000181,1.5343661620602e-14,154.83273834947,311162.44584333
50.0,39.0,0.0,0.0,39.0,1.9380944585249e-12,1.6099500373157e-08,1.914437155699e-13,1.2761991372398e-13,0.0,3.7e-11,1.0,0.000181,8.9414919944237e-15,145.72422114627,224074.35493994
50.0,40.0,0.0,0.0,40.0,1.8070860759959e-12,1.5013717933012e-08,2.0499816296157e-13,1.3665586166362e-13,0.0,3.7e-11,1.0,0.000181,5.0063267623354e-15,135.94099893673,153796.44842779
50.0,41.0,0.0,0.0,41.0,1.66704168961e-12,1.3853048734169e-08,2.1855275919213e-13,1.4569195840061e-13,0.0,3.7e-11,1.0,0.000181,2.6931256345797e-15,125.48307171489,99695.55209257
50.0,42.0,0.0,0.0,42.0,1.5179611513885e-12,1.2617491958832e-08,2.32107501596e-13,1.547282012669e-13,0.0,3.7e-11,1.0,0.000181,1.3919455781863e-15,114.35043947439,60280.406502377
50.0,43.0,0.0,0.0,43.0,1.3598443169098e-12,1.1307046808842e-08,2.4566238510614e-13,1.6376458519301e-13,0.0,3.7e-11,1.0,0.000181,6.9121971780476e-16,102.54310220855,33408.307210843
50.0,44.0,0.0,0.0,44.0,1.1926910477664e-12,9.9217125192568e-09,2.5921740210506e-13,1.7280110255906e-13,0.0,3.7e-11,1.0,0.000181,3.2979054604717e-16,90.06105991027,16541.987419817
50.0,45.0,0.0,0.0,45.0,1.0165012141714e-12,8.4614883727459e-09,2.7277254227581e-13,1.8183774304575e-13,0.0,3.7e-11,1.0,0.000181,1.5117796877966e-16,76.904312572144,7033.3189905306
50.0,46.0,0.0,0.0,46.0,8.3127469771363e-13,6.9263737148171e-09,2.8632779245296e-13,1.9087449348536e-13,0.0,3.7e-11,1.0,0.000181,6.658356291448e-17,63.072860186393,2403.4999053065
50.0,47.0,0.0,0.0,47.0,6.370113942622e-13,5.316367969861e-09,2.9988313647361e-13,1.9991133771275e-13,0.0,3.7e-11,1.0,0.000181,2.8175639131026e-17,48.566702744907,583.66965140175
50.0,48.0,0.0,0.0,48.0,4.3371121701951e-13,3.6314706580205e-09,3.1343855502836e-13,2.0894825641634e-13,0.0,3.7e-11,1.0,0.000181,1.1455360014475e-17,33.385840239243,76.675549134235
50.0,49.0,0.0,0.0,49.0,2.2137409972371e-13,1.8716814128838e-09,3.2699402551232e-13,2.1798522698911e-13,0.0,3.7e-11,1.0,0.000181,4.474782485707e-18,17.530272660635,2.3418072267823
50.0,50.0,0.0,0.0,50.0,0.0,3.7e-11,3.3716064691722e-13,2.2476297341996e-13,0.0,3.7e-11,1.0,0.000181,1.6794355318317e-18,1.0,4.3037883693406e-07
