"K0","K0_dist","source_i","source_v","vtkValidPointMask","arc_length","Points:0","Points:1","Points:2"
9.037e-15,3.3589e-20,3.3928e-20,3.5624e-20,1,0,0,0,0
9.037e-15,3.5311e-20,3.5311e-20,3.7076e-20,1,2.5,2.5,0,0
9.037e-15,3.7114e-20,3.6748e-20,3.8585e-20,1,5,5,0,0
9.037e-15,3.9009e-20,3.9009e-20,4.0959e-20,1,7.5,7.5,0,0
9.037e-15,4.0993e-20,4.059e-20,4.2619e-20,1,10,10,0,0
9.037e-15,4.3077e-20,4.3077e-20,4.5231e-20,1,12.5,12.5,0,0
9.037e-15,4.5258e-20,4.4816e-20,4.7056e-20,1,15,15,0,0
9.037e-15,4.755e-20,4.755e-20,4.9928e-20,1,17.5,17.5,0,0
9.037e-15,4.9948e-20,4.9461e-20,5.1935e-20,1,20,20,0,0
9.037e-15,5.2467e-20,5.2467e-20,5.509e-20,1,22.5,22.5,0,0
9.037e-15,5.5102e-20,5.4567e-20,5.7296e-20,1,25,25,0,0
9.037e-15,5.7869e-20,5.7869e-20,6.0763e-20,1,27.5,27.5,0,0
9.037e-15,6.0764e-20,6.0176e-20,6.3185e-20,1,30,30,0,0
9.037e-15,6.3802e-20,6.3802e-20,6.6992e-20,1,32.5,32.5,0,0
9.037e-15,6.698e-20,6.6335e-20,6.9651e-20,1,35,35,0,0
9.037e-15,7.0315e-20,7.0315e-20,7.3831e-20,1,37.5,37.5,0,0
9.037e-15,7.3802e-20,7.3094e-20,7.6749e-20,1,40,40,0,0
9.037e-15,7.7462e-20,7.7462e-20,8.1335e-20,1,42.5,42.5,0,0
9.037e-15,8.1287e-20,8.0511e-20,8.4536e-20,1,45,45,0,0
9.037e-15,8.5301e-20,8.5301e-20,8.9566e-20,1,47.5,47.5,0,0
9.037e-15,8.9496e-20,8.8644e-20,9.3077e-20,1,50,50,0,0
9.037e-15,9.3896e-20,9.3896e-20,9.859e-20,1,52.5,52.5,0,0
9.037e-15,9.8493e-20,9.756e-20,1.0244e-19,1,55,55,0,0
9.037e-15,1.0332e-19,1.0332e-19,1.0848e-19,1,57.5,57.5,0,0
9.037e-15,1.0835e-19,1.0733e-19,1.127e-19,1,60,60,0,0
9.037e-15,1.1363e-19,1.1363e-19,1.1932e-19,1,62.5,62.5,0,0
9.037e-15,1.1915e-19,1.1803e-19,1.2393e-19,1,65,65,0,0
9.037e-15,1.2493e-19,1.2493e-19,1.3118e-19,1,67.5,67.5,0,0
9.037e-15,1.3097e-19,1.2975e-19,1.3623e-19,1,70,70,0,0
9.037e-15,1.373e-19,1.373e-19,1.4417e-19,1,72.5,72.5,0,0
9.037e-15,1.4391e-19,1.4257e-19,1.497e-19,1,75,75,0,0
9.037e-15,1.5083e-19,1.5083e-19,1.5838e-19,1,77.5,77.5,0,0
9.037e-15,1.5806e-19,1.566e-19,1.6443e-19,1,80,80,0,0
9.037e-15,1.6563e-19,1.6563e-19,1.7392e-19,1,82.5,82.5,0,0
9.037e-15,1.7354e-19,1.7193e-19,1.8053e-19,1,85,85,0,0
9.037e-15,1.8181e-19,1.8181e-19,1.909e-19,1,87.5,87.5,0,0
9.037e-15,1.9045e-19,1.887e-19,1.9813e-19,1,90,90,0,0
9.037e-15,1.9949e-19,1.9949e-19,2.0947e-19,1,92.5,92.5,0,0
9.037e-15,2.0893e-19,2.0701e-19,2.1737e-19,1,95,95,0,0
9.037e-15,2.188e-19,2.188e-19,2.2975e-19,1,97.5,97.5,0,0
9.037e-15,2.2911e-19,2.2702e-19,2.3837e-19,1,100,100,0,0
9.037e-15,2.3989e-19,2.3989e-19,2.5188e-19,1,102.5,102.5,0,0
9.037e-15,2.5113e-19,2.4885e-19,2.613e-19,1,105,105,0,0
9.037e-15,2.629e-19,2.629e-19,2.7605e-19,1,107.5,107.5,0,0
9.037e-15,2.7517e-19,2.7268e-19,2.8632e-19,1,110,110,0,0
9.037e-15,2.8801e-19,2.8801e-19,3.0241e-19,1,112.5,112.5,0,0
9.037e-15,3.0139e-19,2.9867e-19,3.1361e-19,1,115,115,0,0
9.037e-15,3.1538e-19,3.1538e-19,3.3115e-19,1,117.5,117.5,0,0
9.037e-15,3.2997e-19,3.2701e-19,3.4336e-19,1,120,120,0,0
9.037e-15,3.4522e-19,3.4522e-19,3.6248e-19,1,122.5,122.5,0,0
9.037e-15,3.6111e-19,3.5789e-19,3.7578e-19,1,125,125,0,0
9.037e-15,3.7773e-19,3.7773e-19,3.9662e-19,1,127.5,127.5,0,0
9.037e-15,3.9504e-19,3.9153e-19,4.1111e-19,1,130,130,0,0
9.037e-15,4.1314e-19,4.1314e-19,4.3379e-19,1,132.5,132.5,0,0
9.037e-15,4.3198e-19,4.2816e-19,4.4957e-19,1,135,135,0,0
9.037e-15,4.5168e-19,4.5168e-19,4.7427e-19,1,137.5,137.5,0,0
9.037e-15,4.7219e-19,4.6804e-19,4.9144e-19,1,140,140,0,0
9.037e-15,4.9363e-19,4.9363e-19,5.1831e-19,1,142.5,142.5,0,0
9.037e-15,5.1594e-19,5.1142e-19,5.3699e-19,1,145,145,0,0
9.037e-15,5.3925e-19,5.3925e-19,5.6621e-19,1,147.5,147.5,0,0
9.037e-15,5.6351e-19,5.586e-19,5.8652e-19,1,150,150,0,0
9.037e-15,5.8885e-19,5.8885e-19,6.183e-19,1,152.5,152.5,0,0
9.037e-15,6.1523e-19,6.0988e-19,6.4038e-19,1,155,155,0,0
9.037e-15,6.4276e-19,6.4276e-19,6.749e-19,1,157.5,157.5,0,0
9.037e-15,6.7142e-19,6.6561e-19,6.9889e-19,1,160,160,0,0
9.037e-15,7.0133e-19,7.0133e-19,7.3639e-19,1,162.5,162.5,0,0
9.037e-15,7.3245e-19,7.2614e-19,7.6245e-19,1,165,165,0,0
9.037e-15,7.6492e-19,7.6492e-19,8.0317e-19,1,167.5,167.5,0,0
9.037e-15,7.987e-19,7.9186e-19,8.3145e-19,1,170,170,0,0
9.037e-15,8.3395e-19,8.3395e-19,8.7565e-19,1,172.5,172.5,0,0
9.037e-15,8.7061e-19,8.6318e-19,9.0634e-19,1,175,175,0,0
9.037e-15,9.0885e-19,9.0885e-19,9.5429e-19,1,177.5,177.5,0,0
9.037e-15,9.486e-19,9.4055e-19,9.8758e-19,1,180,180,0,0
9.037e-15,9.9007e-19,9.9007e-19,1.0396e-18,1,182.5,182.5,0,0
9.037e-15,1.0332e-18,1.0244e-18,1.0757e-18,1,185,185,0,0
9.037e-15,1.0781e-18,1.0781e-18,1.132e-18,1,187.5,187.5,0,0
9.037e-15,1.1248e-18,1.1154e-18,1.1711e-18,1,190,190,0,0
9.037e-15,1.1735e-18,1.1735e-18,1.2322e-18,1,192.5,192.5,0,0
9.037e-15,1.2241e-18,1.2139e-18,1.2746e-18,1,195,195,0,0
9.037e-15,1.2769e-18,1.2769e-18,1.3407e-18,1,197.5,197.5,0,0
9.037e-15,1.3317e-18,1.3206e-18,1.3866e-18,1,200,200,0,0
9.037e-15,1.3888e-18,1.3888e-18,1.4582e-18,1,202.5,202.5,0,0
9.037e-15,1.4481e-18,1.4361e-18,1.5079e-18,1,205,205,0,0
9.037e-15,1.5098e-18,1.5035e-18,1.5787e-18,1,207.5,207.5,0,0
9.037e-15,1.574e-18,1.5806e-18,1.6596e-18,1,210,210,0,0
9.037e-15,1.6408e-18,1.634e-18,1.7157e-18,1,212.5,212.5,0,0
9.037e-15,1.7102e-18,1.7032e-18,1.7883e-18,1,215,215,0,0
9.037e-15,1.7824e-18,1.7751e-18,1.8639e-18,1,217.5,217.5,0,0
9.037e-15,1.8575e-18,1.8499e-18,1.9424e-18,1,220,220,0,0
9.037e-15,1.9355e-18,1.9276e-18,2.024e-18,1,222.5,222.5,0,0
9.037e-15,2.0166e-18,2.0249e-18,2.1262e-18,1,225,225,0,0
9.037e-15,2.1009e-18,2.0924e-18,2.197e-18,1,227.5,227.5,0,0
9.037e-15,2.1885e-18,2.1796e-18,2.2886e-18,1,230,230,0,0
9.037e-15,2.2796e-18,2.2703e-18,2.3838e-18,1,232.5,232.5,0,0
9.037e-15,2.3741e-18,2.3645e-18,2.4828e-18,1,235,235,0,0
9.037e-15,2.4724e-18,2.4624e-18,2.5855e-18,1,237.5,237.5,0,0
9.037e-15,2.5744e-18,2.5641e-18,2.6923e-18,1,240,240,0,0
9.037e-15,2.6805e-18,2.6697e-18,2.8032e-18,1,242.5,242.5,0,0
9.037e-15,2.7905e-18,2.7794e-18,2.9183e-18,1,245,245,0,0
9.037e-15,2.9049e-18,2.8933e-18,3.0379e-18,1,247.5,247.5,0,0
9.037e-15,3.0236e-18,3.0115e-18,3.1621e-18,1,250,250,0,0
9.037e-15,3.1468e-18,3.1343e-18,3.291e-18,1,252.5,252.5,0,0
9.037e-15,3.2747e-18,3.2617e-18,3.4248e-18,1,255,255,0,0
9.037e-15,3.4075e-18,3.394e-18,3.5637e-18,1,257.5,257.5,0,0
9.037e-15,3.5453e-18,3.5314e-18,3.7079e-18,1,260,260,0,0
9.037e-15,3.6884e-18,3.6739e-18,3.8575e-18,1,262.5,262.5,0,0
9.037e-15,3.8368e-18,3.8217e-18,4.0128e-18,1,265,265,0,0
9.037e-15,3.9908e-18,3.9751e-18,4.1739e-18,1,267.5,267.5,0,0
9.037e-15,4.1505e-18,4.1343e-18,4.341e-18,1,270,270,0,0
9.037e-15,4.3162e-18,4.2994e-18,4.5144e-18,1,272.5,272.5,0,0
9.037e-15,4.4881e-18,4.5057e-18,4.731e-18,1,275,275,0,0
9.037e-15,4.6664e-18,4.6483e-18,4.8807e-18,1,277.5,277.5,0,0
9.037e-15,4.8512e-18,4.8325e-18,5.0741e-18,1,280,280,0,0
9.037e-15,5.0429e-18,5.0235e-18,5.2746e-18,1,282.5,282.5,0,0
9.037e-15,5.2416e-18,5.2215e-18,5.4826e-18,1,285,285,0,0
9.037e-15,5.4477e-18,5.4268e-18,5.6981e-18,1,287.5,287.5,0,0
9.037e-15,5.6612e-18,5.6395e-18,5.9215e-18,1,290,290,0,0
9.037e-15,5.8825e-18,5.8601e-18,6.1531e-18,1,292.5,292.5,0,0
9.037e-15,6.1119e-18,6.0886e-18,6.393e-18,1,295,295,0,0
9.037e-15,6.3496e-18,6.3254e-18,6.6417e-18,1,297.5,297.5,0,0
9.037e-15,6.5958e-18,6.5708e-18,6.8994e-18,1,300,300,0,0
9.037e-15,6.8509e-18,6.8251e-18,7.1663e-18,1,302.5,302.5,0,0
9.037e-15,7.1152e-18,7.0884e-18,7.4428e-18,1,305,305,0,0
9.037e-15,7.3889e-18,7.3612e-18,7.7292e-18,1,307.5,307.5,0,0
9.037e-15,7.6724e-18,7.6437e-18,8.0259e-18,1,310,310,0,0
9.037e-15,7.966e-18,7.9362e-18,8.3331e-18,1,312.5,312.5,0,0
9.037e-15,8.27e-18,8.2392e-18,8.6511e-18,1,315,315,0,0
9.037e-15,8.5847e-18,8.5528e-18,8.9805e-18,1,317.5,317.5,0,0
9.037e-15,8.9105e-18,8.8775e-18,9.3214e-18,1,320,320,0,0
9.037e-15,9.2478e-18,9.2136e-18,9.6743e-18,1,322.5,322.5,0,0
9.037e-15,9.5968e-18,9.5615e-18,1.004e-17,1,325,325,0,0
9.037e-15,9.9581e-18,9.9215e-18,1.0418e-17,1,327.5,327.5,0,0
9.037e-15,1.0332e-17,1.0294e-17,1.0809e-17,1,330,330,0,0
9.037e-15,1.0719e-17,1.0679e-17,1.1213e-17,1,332.5,332.5,0,0
9.037e-15,1.1119e-17,1.1078e-17,1.1632e-17,1,335,335,0,0
9.037e-15,1.1533e-17,1.1491e-17,1.2065e-17,1,337.5,337.5,0,0
9.037e-15,1.1961e-17,1.2004e-17,1.2605e-17,1,340,340,0,0
9.037e-15,1.2404e-17,1.2359e-17,1.2977e-17,1,342.5,342.5,0,0
9.037e-15,1.2861e-17,1.2815e-17,1.3456e-17,1,345,345,0,0
9.037e-15,1.3335e-17,1.3287e-17,1.3951e-17,1,347.5,347.5,0,0
9.037e-15,1.3824e-17,1.3775e-17,1.4464e-17,1,350,350,0,0
9.037e-15,1.433e-17,1.4279e-17,1.4993e-17,1,352.5,352.5,0,0
9.037e-15,1.4853e-17,1.48e-17,1.5541e-17,1,355,355,0,0
9.037e-15,1.5394e-17,1.5339e-17,1.6106e-17,1,357.5,357.5,0,0
9.037e-15,1.5953e-17,1.5896e-17,1.6691e-17,1,360,360,0,0
9.037e-15,1.653e-17,1.6472e-17,1.7295e-17,1,362.5,362.5,0,0
9.037e-15,1.7127e-17,1.7066e-17,1.792e-17,1,365,365,0,0
9.037e-15,1.7743e-17,1.768e-17,1.8564e-17,1,367.5,367.5,0,0
9.037e-15,1.8379e-17,1.8444e-17,1.9367e-17,1,370,370,0,0
9.037e-15,1.9037e-17,1.897e-17,1.9919e-17,1,372.5,372.5,0,0
9.037e-15,1.9716e-17,1.9647e-17,2.063e-17,1,375,375,0,0
9.037e-15,2.0417e-17,2.0346e-17,2.1364e-17,1,377.5,377.5,0,0
9.037e-15,2.1141e-17,2.1068e-17,2.2121e-17,1,380,380,0,0
9.037e-15,2.1889e-17,2.1813e-17,2.2904e-17,1,382.5,382.5,0,0
9.037e-15,2.2661e-17,2.2583e-17,2.3712e-17,1,385,385,0,0
9.037e-15,2.3457e-17,2.3377e-17,2.4546e-17,1,387.5,387.5,0,0
9.037e-15,2.428e-17,2.4196e-17,2.5406e-17,1,390,390,0,0
9.037e-15,2.5128e-17,2.5042e-17,2.6294e-17,1,392.5,392.5,0,0
9.037e-15,2.6004e-17,2.5959e-17,2.7257e-17,1,395,395,0,0
9.037e-15,2.6907e-17,2.6861e-17,2.8204e-17,1,397.5,397.5,0,0
9.037e-15,2.7839e-17,2.7792e-17,2.9181e-17,1,400,400,0,0
9.037e-15,2.88e-17,2.8752e-17,3.0189e-17,1,402.5,402.5,0,0
9.037e-15,2.9792e-17,2.9742e-17,3.1229e-17,1,405,405,0,0
9.037e-15,3.0814e-17,3.0763e-17,3.2301e-17,1,407.5,407.5,0,0
9.037e-15,3.1869e-17,3.1816e-17,3.3406e-17,1,410,410,0,0
9.037e-15,3.2956e-17,3.2901e-17,3.4546e-17,1,412.5,412.5,0,0
9.037e-15,3.4077e-17,3.4021e-17,3.5722e-17,1,415,415,0,0
9.037e-15,3.5233e-17,3.5174e-17,3.6933e-17,1,417.5,417.5,0,0
9.037e-15,3.6424e-17,3.6364e-17,3.8182e-17,1,420,420,0,0
9.037e-15,3.7652e-17,3.759e-17,3.9469e-17,1,422.5,422.5,0,0
9.037e-15,3.8917e-17,3.8853e-17,4.0796e-17,1,425,425,0,0
9.037e-15,4.0221e-17,4.0155e-17,4.2162e-17,1,427.5,427.5,0,0
9.037e-15,4.1564e-17,4.1496e-17,4.3571e-17,1,430,430,0,0
9.037e-15,4.2948e-17,4.2878e-17,4.5022e-17,1,432.5,432.5,0,0
9.037e-15,4.4373e-17,4.4301e-17,4.6516e-17,1,435,435,0,0
9.037e-15,4.5841e-17,4.5767e-17,4.8055e-17,1,437.5,437.5,0,0
9.037e-15,4.7353e-17,4.7277e-17,4.964e-17,1,440,440,0,0
9.037e-15,4.891e-17,4.8831e-17,5.1273e-17,1,442.5,442.5,0,0
9.037e-15,5.0513e-17,5.0432e-17,5.2954e-17,1,445,445,0,0
9.037e-15,5.2164e-17,5.208e-17,5.4684e-17,1,447.5,447.5,0,0
9.037e-15,5.3863e-17,5.3776e-17,5.6465e-17,1,450,450,0,0
9.037e-15,5.5611e-17,5.5523e-17,5.8299e-17,1,452.5,452.5,0,0
9.037e-15,5.7411e-17,5.732e-17,6.0186e-17,1,455,455,0,0
9.037e-15,5.9263e-17,5.9169e-17,6.2128e-17,1,457.5,457.5,0,0
9.037e-15,6.1169e-17,6.1072e-17,6.4126e-17,1,460,460,0,0
9.037e-15,6.3129e-17,6.303e-17,6.6181e-17,1,462.5,462.5,0,0
9.037e-15,6.5146e-17,6.5044e-17,6.8296e-17,1,465,465,0,0
9.037e-15,6.7221e-17,6.7116e-17,7.0472e-17,1,467.5,467.5,0,0
9.037e-15,6.9355e-17,6.9247e-17,7.2709e-17,1,470,470,0,0
9.037e-15,7.1549e-17,7.1438e-17,7.501e-17,1,472.5,472.5,0,0
9.037e-15,7.3806e-17,7.3691e-17,7.7376e-17,1,475,475,0,0
9.037e-15,7.6126e-17,7.6008e-17,7.9809e-17,1,477.5,477.5,0,0
9.037e-15,7.8511e-17,7.839e-17,8.2309e-17,1,480,480,0,0
9.037e-15,8.0962e-17,8.0838e-17,8.488e-17,1,482.5,482.5,0,0
9.037e-15,8.3482e-17,8.3355e-17,8.7522e-17,1,485,485,0,0
9.037e-15,8.6072e-17,8.5941e-17,9.0238e-17,1,487.5,487.5,0,0
9.037e-15,8.8733e-17,8.8599e-17,9.3028e-17,1,490,490,0,0
9.037e-15,9.1468e-17,9.1329e-17,9.5896e-17,1,492.5,492.5,0,0
9.037e-15,9.4277e-17,9.4419e-17,9.914e-17,1,495,495,0,0
9.037e-15,9.7162e-17,9.7016e-17,1.0187e-16,1,497.5,497.5,0,0
9.037e-15,1.0013e-16,9.9977e-17,1.0498e-16,1,500,500,0,0
9.037e-15,1.0317e-16,1.0302e-16,1.0817e-16,1,502.5,502.5,0,0
9.037e-15,1.063e-16,1.0614e-16,1.1145e-16,1,505,505,0,0
9.037e-15,1.0951e-16,1.0934e-16,1.1481e-16,1,507.5,507.5,0,0
9.037e-15,1.128e-16,1.1264e-16,1.1827e-16,1,510,510,0,0
9.037e-15,1.1619e-16,1.1601e-16,1.2181e-16,1,512.5,512.5,0,0
9.037e-15,1.1966e-16,1.1948e-16,1.2546e-16,1,515,515,0,0
9.037e-15,1.2322e-16,1.2304e-16,1.2919e-16,1,517.5,517.5,0,0
9.037e-15,1.2688e-16,1.2706e-16,1.3342e-16,1,520,520,0,0
9.037e-15,1.3063e-16,1.3044e-16,1.3696e-16,1,522.5,522.5,0,0
9.037e-15,1.3448e-16,1.3429e-16,1.41e-16,1,525,525,0,0
9.037e-15,1.3843e-16,1.3823e-16,1.4514e-16,1,527.5,527.5,0,0
9.037e-15,1.4248e-16,1.4228e-16,1.4939e-16,1,530,530,0,0
9.037e-15,1.4664e-16,1.4643e-16,1.5375e-16,1,532.5,532.5,0,0
9.037e-15,1.509e-16,1.5069e-16,1.5822e-16,1,535,535,0,0
9.037e-15,1.5527e-16,1.5505e-16,1.628e-16,1,537.5,537.5,0,0
9.037e-15,1.5975e-16,1.5953e-16,1.675e-16,1,540,540,0,0
9.037e-15,1.6435e-16,1.6412e-16,1.7232e-16,1,542.5,542.5,0,0
9.037e-15,1.6906e-16,1.693e-16,1.7776e-16,1,545,545,0,0
9.037e-15,1.7388e-16,1.7364e-16,1.8232e-16,1,547.5,547.5,0,0
9.037e-15,1.7883e-16,1.7858e-16,1.8751e-16,1,550,550,0,0
9.037e-15,1.839e-16,1.8364e-16,1.9282e-16,1,552.5,552.5,0,0
9.037e-15,1.8909e-16,1.8883e-16,1.9827e-16,1,555,555,0,0
9.037e-15,1.9441e-16,1.9414e-16,2.0385e-16,1,557.5,557.5,0,0
9.037e-15,1.9986e-16,1.9959e-16,2.0957e-16,1,560,560,0,0
9.037e-15,2.0545e-16,2.0516e-16,2.1542e-16,1,562.5,562.5,0,0
9.037e-15,2.1116e-16,2.1087e-16,2.2142e-16,1,565,565,0,0
9.037e-15,2.1702e-16,2.1672e-16,2.2756e-16,1,567.5,567.5,0,0
9.037e-15,2.2301e-16,2.2271e-16,2.3385e-16,1,570,570,0,0
9.037e-15,2.2915e-16,2.2884e-16,2.4028e-16,1,572.5,572.5,0,0
9.037e-15,2.3543e-16,2.3512e-16,2.4687e-16,1,575,575,0,0
9.037e-15,2.4187e-16,2.4154e-16,2.5362e-16,1,577.5,577.5,0,0
9.037e-15,2.4845e-16,2.4812e-16,2.6052e-16,1,580,580,0,0
9.037e-15,2.5518e-16,2.5484e-16,2.6759e-16,1,582.5,582.5,0,0
9.037e-15,2.6208e-16,2.6173e-16,2.7481e-16,1,585,585,0,0
9.037e-15,2.6913e-16,2.6877e-16,2.8221e-16,1,587.5,587.5,0,0
9.037e-15,2.7634e-16,2.7598e-16,2.8978e-16,1,590,590,0,0
9.037e-15,2.8372e-16,2.8335e-16,2.9751e-16,1,592.5,592.5,0,0
9.037e-15,2.9127e-16,2.9088e-16,3.0543e-16,1,595,595,0,0
9.037e-15,2.9898e-16,2.9859e-16,3.1352e-16,1,597.5,597.5,0,0
9.037e-15,3.0687e-16,3.0647e-16,3.218e-16,1,600,600,0,0
9.037e-15,3.1494e-16,3.1453e-16,3.3026e-16,1,602.5,602.5,0,0
9.037e-15,3.2319e-16,3.2277e-16,3.3891e-16,1,605,605,0,0
9.037e-15,3.3162e-16,3.3119e-16,3.4775e-16,1,607.5,607.5,0,0
9.037e-15,3.4023e-16,3.398e-16,3.5679e-16,1,610,610,0,0
9.037e-15,3.4904e-16,3.4859e-16,3.6602e-16,1,612.5,612.5,0,0
9.037e-15,3.5804e-16,3.5758e-16,3.7546e-16,1,615,615,0,0
9.037e-15,3.6723e-16,3.6676e-16,3.851e-16,1,617.5,617.5,0,0
9.037e-15,3.7662e-16,3.7615e-16,3.9495e-16,1,620,620,0,0
9.037e-15,3.8621e-16,3.8573e-16,4.0501e-16,1,622.5,622.5,0,0
9.037e-15,3.9601e-16,3.9551e-16,4.1529e-16,1,625,625,0,0
9.037e-15,4.0601e-16,4.0551e-16,4.2578e-16,1,627.5,627.5,0,0
9.037e-15,4.1623e-16,4.1571e-16,4.365e-16,1,630,630,0,0
9.037e-15,4.2666e-16,4.2613e-16,4.4744e-16,1,632.5,632.5,0,0
9.037e-15,4.3731e-16,4.3677e-16,4.5861e-16,1,635,635,0,0
9.037e-15,4.4818e-16,4.4763e-16,4.7001e-16,1,637.5,637.5,0,0
9.037e-15,4.5927e-16,4.5871e-16,4.8164e-16,1,640,640,0,0
9.037e-15,4.7059e-16,4.7002e-16,4.9352e-16,1,642.5,642.5,0,0
9.037e-15,4.8214e-16,4.8156e-16,5.0564e-16,1,645,645,0,0
9.037e-15,4.9393e-16,4.9333e-16,5.18e-16,1,647.5,647.5,0,0
9.037e-15,5.0595e-16,5.0534e-16,5.3061e-16,1,650,650,0,0
9.037e-15,5.1821e-16,5.1759e-16,5.4347e-16,1,652.5,652.5,0,0
9.037e-15,5.3072e-16,5.3009e-16,5.5659e-16,1,655,655,0,0
9.037e-15,5.4348e-16,5.4283e-16,5.6997e-16,1,657.5,657.5,0,0
9.037e-15,5.5648e-16,5.5583e-16,5.8362e-16,1,660,660,0,0
9.037e-15,5.6974e-16,5.6907e-16,5.9753e-16,1,662.5,662.5,0,0
9.037e-15,5.8326e-16,5.8258e-16,6.1171e-16,1,665,665,0,0
9.037e-15,5.9704e-16,5.9635e-16,6.2616e-16,1,667.5,667.5,0,0
9.037e-15,6.1108e-16,6.1038e-16,6.4089e-16,1,670,670,0,0
9.037e-15,6.254e-16,6.2467e-16,6.5591e-16,1,672.5,672.5,0,0
9.037e-15,6.3998e-16,6.3924e-16,6.7121e-16,1,675,675,0,0
9.037e-15,6.5484e-16,6.5409e-16,6.8679e-16,1,677.5,677.5,0,0
9.037e-15,6.6997e-16,6.6921e-16,7.0267e-16,1,680,680,0,0
9.037e-15,6.8539e-16,6.8461e-16,7.1884e-16,1,682.5,682.5,0,0
9.037e-15,7.0109e-16,7.003e-16,7.3531e-16,1,685,685,0,0
9.037e-15,7.1708e-16,7.1627e-16,7.5209e-16,1,687.5,687.5,0,0
9.037e-15,7.3336e-16,7.3254e-16,7.6916e-16,1,690,690,0,0
9.037e-15,7.4993e-16,7.491e-16,7.8655e-16,1,692.5,692.5,0,0
9.037e-15,7.6681e-16,7.6596e-16,8.0425e-16,1,695,695,0,0
9.037e-15,7.8398e-16,7.8312e-16,8.2227e-16,1,697.5,697.5,0,0
9.037e-15,8.0146e-16,8.0058e-16,8.4061e-16,1,700,700,0,0
9.037e-15,8.1925e-16,8.1835e-16,8.5927e-16,1,702.5,702.5,0,0
9.037e-15,8.3734e-16,8.3643e-16,8.7825e-16,1,705,705,0,0
9.037e-15,8.5576e-16,8.5483e-16,8.9757e-16,1,707.5,707.5,0,0
9.037e-15,8.7448e-16,8.7354e-16,9.1722e-16,1,710,710,0,0
9.037e-15,8.9353e-16,8.9257e-16,9.372e-16,1,712.5,712.5,0,0
9.037e-15,9.1291e-16,9.1193e-16,9.5753e-16,1,715,715,0,0
9.037e-15,9.3261e-16,9.3162e-16,9.782e-16,1,717.5,717.5,0,0
9.037e-15,9.5264e-16,9.5163e-16,9.9921e-16,1,720,720,0,0
9.037e-15,9.73e-16,9.7197e-16,1.0206e-15,1,722.5,722.5,0,0
9.037e-15,9.937e-16,9.9266e-16,1.0423e-15,1,725,725,0,0
9.037e-15,1.0147e-15,1.0137e-15,1.0644e-15,1,727.5,727.5,0,0
9.037e-15,1.0361e-15,1.035e-15,1.0868e-15,1,730,730,0,0
9.037e-15,1.0578e-15,1.0567e-15,1.1096e-15,1,732.5,732.5,0,0
9.037e-15,1.0799e-15,1.0788e-15,1.1327e-15,1,735,735,0,0
9.037e-15,1.1023e-15,1.1012e-15,1.1563e-15,1,737.5,737.5,0,0
9.037e-15,1.1251e-15,1.124e-15,1.1802e-15,1,740,740,0,0
9.037e-15,1.1482e-15,1.1471e-15,1.2044e-15,1,742.5,742.5,0,0
9.037e-15,1.1717e-15,1.1705e-15,1.2291e-15,1,745,745,0,0
9.037e-15,1.1956e-15,1.1944e-15,1.2541e-15,1,747.5,747.5,0,0
9.037e-15,1.2198e-15,1.2186e-15,1.2795e-15,1,750,750,0,0
9.037e-15,1.2444e-15,1.2431e-15,1.3053e-15,1,752.5,752.5,0,0
9.037e-15,1.2693e-15,1.2681e-15,1.3315e-15,1,755,755,0,0
9.037e-15,1.2946e-15,1.2934e-15,1.358e-15,1,757.5,757.5,0,0
9.037e-15,1.3203e-15,1.319e-15,1.385e-15,1,760,760,0,0
9.037e-15,1.3464e-15,1.3451e-15,1.4123e-15,1,762.5,762.5,0,0
9.037e-15,1.3728e-15,1.3715e-15,1.4401e-15,1,765,765,0,0
9.037e-15,1.3997e-15,1.3983e-15,1.4682e-15,1,767.5,767.5,0,0
9.037e-15,1.4269e-15,1.4255e-15,1.4968e-15,1,770,770,0,0
9.037e-15,1.4545e-15,1.4531e-15,1.5257e-15,1,772.5,772.5,0,0
9.037e-15,1.4824e-15,1.481e-15,1.5551e-15,1,775,775,0,0
9.037e-15,1.5108e-15,1.5094e-15,1.5848e-15,1,777.5,777.5,0,0
9.037e-15,1.5395e-15,1.5381e-15,1.615e-15,1,780,780,0,0
9.037e-15,1.5687e-15,1.5672e-15,1.6456e-15,1,782.5,782.5,0,0
9.037e-15,1.5982e-15,1.5967e-15,1.6766e-15,1,785,785,0,0
9.037e-15,1.6281e-15,1.6266e-15,1.708e-15,1,787.5,787.5,0,0
9.037e-15,1.6584e-15,1.6569e-15,1.7398e-15,1,790,790,0,0
9.037e-15,1.6892e-15,1.6876e-15,1.772e-15,1,792.5,792.5,0,0
9.037e-15,1.7203e-15,1.7187e-15,1.8046e-15,1,795,795,0,0
9.037e-15,1.7518e-15,1.7502e-15,1.8377e-15,1,797.5,797.5,0,0
9.037e-15,1.7837e-15,1.7821e-15,1.8712e-15,1,800,800,0,0
9.037e-15,1.816e-15,1.8144e-15,1.9051e-15,1,802.5,802.5,0,0
9.037e-15,1.8487e-15,1.847e-15,1.9394e-15,1,805,805,0,0
9.037e-15,1.8818e-15,1.8801e-15,1.9741e-15,1,807.5,807.5,0,0
9.037e-15,1.9153e-15,1.9136e-15,2.0093e-15,1,810,810,0,0
9.037e-15,1.9492e-15,1.9475e-15,2.0449e-15,1,812.5,812.5,0,0
9.037e-15,1.9835e-15,1.9818e-15,2.0809e-15,1,815,815,0,0
9.037e-15,2.0182e-15,2.0165e-15,2.1173e-15,1,817.5,817.5,0,0
9.037e-15,2.0534e-15,2.0516e-15,2.1542e-15,1,820,820,0,0
9.037e-15,2.0889e-15,2.0871e-15,2.1915e-15,1,822.5,822.5,0,0
9.037e-15,2.1248e-15,2.123e-15,2.2291e-15,1,825,825,0,0
9.037e-15,2.1611e-15,2.1593e-15,2.2673e-15,1,827.5,827.5,0,0
9.037e-15,2.1978e-15,2.196e-15,2.3058e-15,1,830,830,0,0
9.037e-15,2.235e-15,2.2331e-15,2.3448e-15,1,832.5,832.5,0,0
9.037e-15,2.2725e-15,2.2706e-15,2.3841e-15,1,835,835,0,0
9.037e-15,2.3104e-15,2.3085e-15,2.4239e-15,1,837.5,837.5,0,0
9.037e-15,2.3487e-15,2.3468e-15,2.4642e-15,1,840,840,0,0
9.037e-15,2.3875e-15,2.3855e-15,2.5048e-15,1,842.5,842.5,0,0
9.037e-15,2.4266e-15,2.4246e-15,2.5458e-15,1,845,845,0,0
9.037e-15,2.4661e-15,2.4641e-15,2.5873e-15,1,847.5,847.5,0,0
9.037e-15,2.506e-15,2.504e-15,2.6292e-15,1,850,850,0,0
9.037e-15,2.5463e-15,2.5442e-15,2.6715e-15,1,852.5,852.5,0,0
9.037e-15,2.5869e-15,2.5849e-15,2.7142e-15,1,855,855,0,0
9.037e-15,2.628e-15,2.626e-15,2.7573e-15,1,857.5,857.5,0,0
9.037e-15,2.6695e-15,2.6674e-15,2.8008e-15,1,860,860,0,0
9.037e-15,2.7113e-15,2.7092e-15,2.8447e-15,1,862.5,862.5,0,0
9.037e-15,2.7535e-15,2.7514e-15,2.889e-15,1,865,865,0,0
9.037e-15,2.7961e-15,2.7918e-15,2.9314e-15,1,867.5,867.5,0,0
9.037e-15,2.8391e-15,2.8348e-15,2.9765e-15,1,870,870,0,0
9.037e-15,2.8824e-15,2.8781e-15,3.022e-15,1,872.5,872.5,0,0
9.037e-15,2.9261e-15,2.9217e-15,3.0678e-15,1,875,875,0,0
9.037e-15,2.9702e-15,2.9658e-15,3.1141e-15,1,877.5,877.5,0,0
9.037e-15,3.0146e-15,3.0057e-15,3.156e-15,1,880,880,0,0
9.037e-15,3.0594e-15,3.0594e-15,3.2124e-15,1,882.5,882.5,0,0
9.037e-15,3.1046e-15,3.0955e-15,3.2503e-15,1,885,885,0,0
9.037e-15,3.1501e-15,3.1501e-15,3.3076e-15,1,887.5,887.5,0,0
9.037e-15,3.1959e-15,3.1867e-15,3.3461e-15,1,890,890,0,0
9.037e-15,3.2421e-15,3.2421e-15,3.4042e-15,1,892.5,892.5,0,0
9.037e-15,3.2887e-15,3.2793e-15,3.4433e-15,1,895,895,0,0
9.037e-15,3.3355e-15,3.3355e-15,3.5023e-15,1,897.5,897.5,0,0
9.037e-15,3.3827e-15,3.3733e-15,3.5419e-15,1,900,900,0,0
9.037e-15,3.4302e-15,3.4302e-15,3.6018e-15,1,902.5,902.5,0,0
9.037e-15,3.4781e-15,3.4685e-15,3.6419e-15,1,905,905,0,0
9.037e-15,3.5262e-15,3.5214e-15,3.6975e-15,1,907.5,907.5,0,0
9.037e-15,3.5747e-15,3.5698e-15,3.7483e-15,1,910,910,0,0
9.037e-15,3.6235e-15,3.6186e-15,3.7995e-15,1,912.5,912.5,0,0
9.037e-15,3.6725e-15,3.6774e-15,3.8613e-15,1,915,915,0,0
9.037e-15,3.7219e-15,3.7169e-15,3.9028e-15,1,917.5,917.5,0,0
9.037e-15,3.7715e-15,3.7765e-15,3.9653e-15,1,920,920,0,0
9.037e-15,3.8214e-15,3.8164e-15,4.0073e-15,1,922.5,922.5,0,0
9.037e-15,3.8716e-15,3.8666e-15,4.0599e-15,1,925,925,0,0
9.037e-15,3.9221e-15,3.9171e-15,4.1129e-15,1,927.5,927.5,0,0
9.037e-15,3.9728e-15,3.9779e-15,4.1768e-15,1,930,930,0,0
9.037e-15,4.0238e-15,4.0187e-15,4.2196e-15,1,932.5,932.5,0,0
9.037e-15,4.075e-15,4.0699e-15,4.2734e-15,1,935,935,0,0
9.037e-15,4.1265e-15,4.1213e-15,4.3274e-15,1,937.5,937.5,0,0
9.037e-15,4.1782e-15,4.173e-15,4.3817e-15,1,940,940,0,0
9.037e-15,4.2301e-15,4.2249e-15,4.4362e-15,1,942.5,942.5,0,0
9.037e-15,4.2823e-15,4.2849e-15,4.4991e-15,1,945,945,0,0
9.037e-15,4.3346e-15,4.332e-15,4.5486e-15,1,947.5,947.5,0,0
9.037e-15,4.3871e-15,4.3845e-15,4.6037e-15,1,950,950,0,0
9.037e-15,4.4399e-15,4.4372e-15,4.6591e-15,1,952.5,952.5,0,0
9.037e-15,4.4928e-15,4.4955e-15,4.7202e-15,1,955,955,0,0
9.037e-15,4.5459e-15,4.5486e-15,4.776e-15,1,957.5,957.5,0,0
9.037e-15,4.5992e-15,4.6019e-15,4.8319e-15,1,960,960,0,0
9.037e-15,4.6526e-15,4.6499e-15,4.8824e-15,1,962.5,962.5,0,0
9.037e-15,4.7062e-15,4.7035e-15,4.9387e-15,1,965,965,0,0
9.037e-15,4.7599e-15,4.7572e-15,4.9951e-15,1,967.5,967.5,0,0
9.037e-15,4.8138e-15,4.8165e-15,5.0573e-15,1,970,970,0,0
9.037e-15,4.8677e-15,4.865e-15,5.1083e-15,1,972.5,972.5,0,0
9.037e-15,4.9218e-15,4.9245e-15,5.1708e-15,1,975,975,0,0
9.037e-15,4.976e-15,4.9733e-15,5.222e-15,1,977.5,977.5,0,0
9.037e-15,5.0303e-15,5.033e-15,5.2847e-15,1,980,980,0,0
9.037e-15,5.0847e-15,5.0819e-15,5.336e-15,1,982.5,982.5,0,0
9.037e-15,5.1391e-15,5.1364e-15,5.3932e-15,1,985,985,0,0
9.037e-15,5.1936e-15,5.1909e-15,5.4504e-15,1,987.5,987.5,0,0
9.037e-15,5.2482e-15,5.2509e-15,5.5134e-15,1,990,990,0,0
9.037e-15,5.3028e-15,5.3055e-15,5.5708e-15,1,992.5,992.5,0,0
9.037e-15,5.3574e-15,5.3601e-15,5.6281e-15,1,995,995,0,0
9.037e-15,5.4121e-15,5.4093e-15,5.6798e-15,1,997.5,997.5,0,0
9.037e-15,5.4667e-15,5.4695e-15,5.7429e-15,1,1000,1000,0,0
9.037e-15,5.5214e-15,5.5241e-15,5.8003e-15,1,1002.5,1002.5,0,0
9.037e-15,5.576e-15,5.5733e-15,5.852e-15,1,1005,1005,0,0
9.037e-15,5.6307e-15,5.6279e-15,5.9093e-15,1,1007.5,1007.5,0,0
9.037e-15,5.6853e-15,5.6825e-15,5.9667e-15,1,1010,1010,0,0
9.037e-15,5.7398e-15,5.7371e-15,6.024e-15,1,1012.5,1012.5,0,0
9.037e-15,5.7943e-15,5.7916e-15,6.0812e-15,1,1015,1015,0,0
9.037e-15,5.8488e-15,5.846e-15,6.1383e-15,1,1017.5,1017.5,0,0
9.037e-15,5.9031e-15,5.9058e-15,6.2011e-15,1,1020,1020,0,0
9.037e-15,5.9574e-15,5.9547e-15,6.2524e-15,1,1022.5,1022.5,0,0
9.037e-15,6.0115e-15,6.0088e-15,6.3093e-15,1,1025,1025,0,0
9.037e-15,6.0656e-15,6.0629e-15,6.366e-15,1,1027.5,1027.5,0,0
9.037e-15,6.1195e-15,6.1168e-15,6.4226e-15,1,1030,1030,0,0
9.037e-15,6.1733e-15,6.1706e-15,6.4791e-15,1,1032.5,1032.5,0,0
9.037e-15,6.2269e-15,6.2242e-15,6.5354e-15,1,1035,1035,0,0
9.037e-15,6.2804e-15,6.2777e-15,6.5916e-15,1,1037.5,1037.5,0,0
9.037e-15,6.3337e-15,6.331e-15,6.6476e-15,1,1040,1040,0,0
9.037e-15,6.3868e-15,6.3841e-15,6.7033e-15,1,1042.5,1042.5,0,0
9.037e-15,6.4397e-15,6.437e-15,6.7589e-15,1,1045,1045,0,0
9.037e-15,6.4924e-15,6.4898e-15,6.8142e-15,1,1047.5,1047.5,0,0
9.037e-15,6.5449e-15,6.5422e-15,6.8693e-15,1,1050,1050,0,0
9.037e-15,6.5971e-15,6.5945e-15,6.9242e-15,1,1052.5,1052.5,0,0
9.037e-15,6.6491e-15,6.6465e-15,6.9788e-15,1,1055,1055,0,0
9.037e-15,6.7008e-15,6.6982e-15,7.0331e-15,1,1057.5,1057.5,0,0
9.037e-15,6.7523e-15,6.7497e-15,7.0872e-15,1,1060,1060,0,0
9.037e-15,6.8034e-15,6.8009e-15,7.1409e-15,1,1062.5,1062.5,0,0
9.037e-15,6.8543e-15,6.8518e-15,7.1944e-15,1,1065,1065,0,0
9.037e-15,6.9049e-15,6.9024e-15,7.2475e-15,1,1067.5,1067.5,0,0
9.037e-15,6.9551e-15,6.9526e-15,7.3003e-15,1,1070,1070,0,0
9.037e-15,7.005e-15,7.0025e-15,7.3527e-15,1,1072.5,1072.5,0,0
9.037e-15,7.0546e-15,7.0521e-15,7.4047e-15,1,1075,1075,0,0
9.037e-15,7.1038e-15,7.1013e-15,7.4564e-15,1,1077.5,1077.5,0,0
9.037e-15,7.1526e-15,7.1502e-15,7.5077e-15,1,1080,1080,0,0
9.037e-15,7.2011e-15,7.1987e-15,7.5586e-15,1,1082.5,1082.5,0,0
9.037e-15,7.2491e-15,7.2467e-15,7.6091e-15,1,1085,1085,0,0
9.037e-15,7.2968e-15,7.2944e-15,7.6591e-15,1,1087.5,1087.5,0,0
9.037e-15,7.344e-15,7.3416e-15,7.7087e-15,1,1090,1090,0,0
9.037e-15,7.3908e-15,7.3884e-15,7.7578e-15,1,1092.5,1092.5,0,0
9.037e-15,7.4371e-15,7.4348e-15,7.8065e-15,1,1095,1095,0,0
9.037e-15,7.483e-15,7.4807e-15,7.8547e-15,1,1097.5,1097.5,0,0
9.037e-15,7.5284e-15,7.5261e-15,7.9024e-15,1,1100,1100,0,0
9.037e-15,7.5733e-15,7.5711e-15,7.9496e-15,1,1102.5,1102.5,0,0
9.037e-15,7.6177e-15,7.6155e-15,7.9963e-15,1,1105,1105,0,0
9.037e-15,7.6617e-15,7.6595e-15,8.0425e-15,1,1107.5,1107.5,0,0
9.037e-15,7.7051e-15,7.7029e-15,8.0881e-15,1,1110,1110,0,0
9.037e-15,7.748e-15,7.7458e-15,8.1331e-15,1,1112.5,1112.5,0,0
9.037e-15,7.7903e-15,7.7882e-15,8.1776e-15,1,1115,1115,0,0
9.037e-15,7.8321e-15,7.83e-15,8.2215e-15,1,1117.5,1117.5,0,0
9.037e-15,7.8733e-15,7.8713e-15,8.2648e-15,1,1120,1120,0,0
9.037e-15,7.914e-15,7.9119e-15,8.3075e-15,1,1122.5,1122.5,0,0
9.037e-15,7.954e-15,7.952e-15,8.3496e-15,1,1125,1125,0,0
9.037e-15,7.9935e-15,7.9915e-15,8.3911e-15,1,1127.5,1127.5,0,0
9.037e-15,8.0324e-15,8.0304e-15,8.432e-15,1,1130,1130,0,0
9.037e-15,8.0706e-15,8.0687e-15,8.4722e-15,1,1132.5,1132.5,0,0
9.037e-15,8.1082e-15,8.1064e-15,8.5117e-15,1,1135,1135,0,0
9.037e-15,8.1452e-15,8.1434e-15,8.5505e-15,1,1137.5,1137.5,0,0
9.037e-15,8.1815e-15,8.1797e-15,8.5887e-15,1,1140,1140,0,0
9.037e-15,8.2172e-15,8.2154e-15,8.6262e-15,1,1142.5,1142.5,0,0
9.037e-15,8.2522e-15,8.2505e-15,8.663e-15,1,1145,1145,0,0
9.037e-15,8.2865e-15,8.2848e-15,8.6991e-15,1,1147.5,1147.5,0,0
9.037e-15,8.3201e-15,8.3185e-15,8.7344e-15,1,1150,1150,0,0
9.037e-15,8.3531e-15,8.3514e-15,8.769e-15,1,1152.5,1152.5,0,0
9.037e-15,8.3853e-15,8.3837e-15,8.8029e-15,1,1155,1155,0,0
9.037e-15,8.4168e-15,8.4152e-15,8.836e-15,1,1157.5,1157.5,0,0
9.037e-15,8.4476e-15,8.4461e-15,8.8684e-15,1,1160,1160,0,0
9.037e-15,8.4776e-15,8.4761e-15,8.8999e-15,1,1162.5,1162.5,0,0
9.037e-15,8.5069e-15,8.5055e-15,8.9307e-15,1,1165,1165,0,0
9.037e-15,8.5355e-15,8.5341e-15,8.9608e-15,1,1167.5,1167.5,0,0
9.037e-15,8.5632e-15,8.5619e-15,8.99e-15,1,1170,1170,0,0
9.037e-15,8.5903e-15,8.5889e-15,9.0184e-15,1,1172.5,1172.5,0,0
9.037e-15,8.6165e-15,8.6152e-15,9.046e-15,1,1175,1175,0,0
9.037e-15,8.642e-15,8.6407e-15,9.0727e-15,1,1177.5,1177.5,0,0
9.037e-15,8.6666e-15,8.6654e-15,9.0987e-15,1,1180,1180,0,0
9.037e-15,8.6905e-15,8.6893e-15,9.1238e-15,1,1182.5,1182.5,0,0
9.037e-15,8.7136e-15,8.7124e-15,9.148e-15,1,1185,1185,0,0
9.037e-15,8.7358e-15,8.7347e-15,9.1714e-15,1,1187.5,1187.5,0,0
9.037e-15,8.7572e-15,8.7562e-15,9.194e-15,1,1190,1190,0,0
9.037e-15,8.7778e-15,8.7768e-15,9.2157e-15,1,1192.5,1192.5,0,0
9.037e-15,8.7976e-15,8.7966e-15,9.2365e-15,1,1195,1195,0,0
9.037e-15,8.8165e-15,8.8156e-15,9.2564e-15,1,1197.5,1197.5,0,0
9.037e-15,8.8346e-15,8.8337e-15,9.2754e-15,1,1200,1200,0,0
9.037e-15,8.8519e-15,8.851e-15,9.2936e-15,1,1202.5,1202.5,0,0
9.037e-15,8.8683e-15,8.8675e-15,9.3108e-15,1,1205,1205,0,0
9.037e-15,8.8838e-15,8.883e-15,9.3272e-15,1,1207.5,1207.5,0,0
9.037e-15,8.8985e-15,8.8978e-15,9.3426e-15,1,1210,1210,0,0
9.037e-15,8.9123e-15,8.9116e-15,9.3572e-15,1,1212.5,1212.5,0,0
9.037e-15,8.9252e-15,8.9246e-15,9.3708e-15,1,1215,1215,0,0
9.037e-15,8.9373e-15,8.9367e-15,9.3835e-15,1,1217.5,1217.5,0,0
9.037e-15,8.9484e-15,8.9479e-15,9.3953e-15,1,1220,1220,0,0
9.037e-15,8.9587e-15,8.9582e-15,9.4062e-15,1,1222.5,1222.5,0,0
9.037e-15,8.9682e-15,8.9686e-15,9.417e-15,1,1225,1225,0,0
9.037e-15,8.9767e-15,8.9771e-15,9.4259e-15,1,1227.5,1227.5,0,0
9.037e-15,8.9843e-15,8.9839e-15,9.4331e-15,1,1230,1230,0,0
9.037e-15,8.991e-15,8.9907e-15,9.4403e-15,1,1232.5,1232.5,0,0
9.037e-15,8.9969e-15,8.9966e-15,9.4465e-15,1,1235,1235,0,0
9.037e-15,9.0018e-15,9.0016e-15,9.4517e-15,1,1237.5,1237.5,0,0
9.037e-15,9.0059e-15,9.0057e-15,9.456e-15,1,1240,1240,0,0
9.037e-15,9.009e-15,9.0092e-15,9.4596e-15,1,1242.5,1242.5,0,0
9.037e-15,9.0113e-15,9.0112e-15,9.4618e-15,1,1245,1245,0,0
9.037e-15,9.0127e-15,9.0126e-15,9.4632e-15,1,1247.5,1247.5,0,0
9.037e-15,9.0131e-15,9.0131e-15,9.4638e-15,1,1250,1250,0,0
9.037e-15,9.0127e-15,9.0127e-15,9.4633e-15,1,1252.5,1252.5,0,0
9.037e-15,9.0113e-15,9.0114e-15,9.462e-15,1,1255,1255,0,0
9.037e-15,9.009e-15,9.0092e-15,9.4596e-15,1,1257.5,1257.5,0,0
9.037e-15,9.0059e-15,9.0061e-15,9.4564e-15,1,1260,1260,0,0
9.037e-15,9.0018e-15,9.0021e-15,9.4522e-15,1,1262.5,1262.5,0,0
9.037e-15,8.9969e-15,8.9972e-15,9.447e-15,1,1265,1265,0,0
9.037e-15,8.991e-15,8.9914e-15,9.4409e-15,1,1267.5,1267.5,0,0
9.037e-15,8.9843e-15,8.9847e-15,9.4339e-15,1,1270,1270,0,0
9.037e-15,8.9767e-15,8.9771e-15,9.4259e-15,1,1272.5,1272.5,0,0
9.037e-15,8.9682e-15,8.9686e-15,9.417e-15,1,1275,1275,0,0
9.037e-15,8.9587e-15,8.9592e-15,9.4072e-15,1,1277.5,1277.5,0,0
9.037e-15,8.9484e-15,8.949e-15,9.3964e-15,1,1280,1280,0,0
9.037e-15,8.9373e-15,8.9378e-15,9.3847e-15,1,1282.5,1282.5,0,0
9.037e-15,8.9252e-15,8.9258e-15,9.3721e-15,1,1285,1285,0,0
9.037e-15,8.9123e-15,8.9129e-15,9.3586e-15,1,1287.5,1287.5,0,0
9.037e-15,8.8985e-15,8.8992e-15,9.3441e-15,1,1290,1290,0,0
9.037e-15,8.8838e-15,8.8846e-15,9.3288e-15,1,1292.5,1292.5,0,0
9.037e-15,8.8683e-15,8.8691e-15,9.3125e-15,1,1295,1295,0,0
9.037e-15,8.8519e-15,8.8527e-15,9.2954e-15,1,1297.5,1297.5,0,0
9.037e-15,8.8346e-15,8.8355e-15,9.2773e-15,1,1300,1300,0,0
9.037e-15,8.8165e-15,8.8175e-15,9.2583e-15,1,1302.5,1302.5,0,0
9.037e-15,8.7976e-15,8.7986e-15,9.2385e-15,1,1305,1305,0,0
9.037e-15,8.7778e-15,8.7788e-15,9.2178e-15,1,1307.5,1307.5,0,0
9.037e-15,8.7572e-15,8.7583e-15,9.1962e-15,1,1310,1310,0,0
9.037e-15,8.7358e-15,8.7369e-15,9.1737e-15,1,1312.5,1312.5,0,0
9.037e-15,8.7136e-15,8.7147e-15,9.1504e-15,1,1315,1315,0,0
9.037e-15,8.6905e-15,8.6917e-15,9.1262e-15,1,1317.5,1317.5,0,0
9.037e-15,8.6666e-15,8.6678e-15,9.1012e-15,1,1320,1320,0,0
9.037e-15,8.642e-15,8.6432e-15,9.0754e-15,1,1322.5,1322.5,0,0
9.037e-15,8.6165e-15,8.6178e-15,9.0487e-15,1,1325,1325,0,0
9.037e-15,8.5903e-15,8.5916e-15,9.0212e-15,1,1327.5,1327.5,0,0
9.037e-15,8.5632e-15,8.5646e-15,8.9928e-15,1,1330,1330,0,0
9.037e-15,8.5355e-15,8.5369e-15,8.9637e-15,1,1332.5,1332.5,0,0
9.037e-15,8.5069e-15,8.5084e-15,8.9338e-15,1,1335,1335,0,0
9.037e-15,8.4776e-15,8.4791e-15,8.9031e-15,1,1337.5,1337.5,0,0
9.037e-15,8.4476e-15,8.4491e-15,8.8715e-15,1,1340,1340,0,0
9.037e-15,8.4168e-15,8.4184e-15,8.8393e-15,1,1342.5,1342.5,0,0
9.037e-15,8.3853e-15,8.3869e-15,8.8062e-15,1,1345,1345,0,0
9.037e-15,8.3531e-15,8.3547e-15,8.7724e-15,1,1347.5,1347.5,0,0
9.037e-15,8.3201e-15,8.3218e-15,8.7379e-15,1,1350,1350,0,0
9.037e-15,8.2865e-15,8.2882e-15,8.7026e-15,1,1352.5,1352.5,0,0
9.037e-15,8.2522e-15,8.2539e-15,8.6666e-15,1,1355,1355,0,0
9.037e-15,8.2172e-15,8.219e-15,8.6299e-15,1,1357.5,1357.5,0,0
9.037e-15,8.1815e-15,8.1833e-15,8.5925e-15,1,1360,1360,0,0
9.037e-15,8.1452e-15,8.147e-15,8.5544e-15,1,1362.5,1362.5,0,0
9.037e-15,8.1082e-15,8.1101e-15,8.5156e-15,1,1365,1365,0,0
9.037e-15,8.0706e-15,8.0725e-15,8.4761e-15,1,1367.5,1367.5,0,0
9.037e-15,8.0324e-15,8.0343e-15,8.436e-15,1,1370,1370,0,0
9.037e-15,7.9935e-15,7.9955e-15,8.3952e-15,1,1372.5,1372.5,0,0
9.037e-15,7.954e-15,7.956e-15,8.3538e-15,1,1375,1375,0,0
9.037e-15,7.914e-15,7.916e-15,8.3118e-15,1,1377.5,1377.5,0,0
9.037e-15,7.8733e-15,7.8754e-15,8.2691e-15,1,1380,1380,0,0
9.037e-15,7.8321e-15,7.8342e-15,8.2259e-15,1,1382.5,1382.5,0,0
9.037e-15,7.7903e-15,7.7924e-15,8.182e-15,1,1385,1385,0,0
9.037e-15,7.748e-15,7.7501e-15,8.1376e-15,1,1387.5,1387.5,0,0
9.037e-15,7.7051e-15,7.7072e-15,8.0926e-15,1,1390,1390,0,0
9.037e-15,7.6617e-15,7.6638e-15,8.047e-15,1,1392.5,1392.5,0,0
9.037e-15,7.6177e-15,7.6199e-15,8.0009e-15,1,1395,1395,0,0
9.037e-15,7.5733e-15,7.5755e-15,7.9543e-15,1,1397.5,1397.5,0,0
9.037e-15,7.5284e-15,7.5306e-15,7.9072e-15,1,1400,1400,0,0
9.037e-15,7.483e-15,7.4852e-15,7.8595e-15,1,1402.5,1402.5,0,0
9.037e-15,7.4371e-15,7.4394e-15,7.8114e-15,1,1405,1405,0,0
9.037e-15,7.3908e-15,7.3931e-15,7.7627e-15,1,1407.5,1407.5,0,0
9.037e-15,7.344e-15,7.3463e-15,7.7136e-15,1,1410,1410,0,0
9.037e-15,7.2968e-15,7.2991e-15,7.6641e-15,1,1412.5,1412.5,0,0
9.037e-15,7.2491e-15,7.2515e-15,7.6141e-15,1,1415,1415,0,0
9.037e-15,7.2011e-15,7.2035e-15,7.5637e-15,1,1417.5,1417.5,0,0
9.037e-15,7.1526e-15,7.1551e-15,7.5128e-15,1,1420,1420,0,0
9.037e-15,7.1038e-15,7.1062e-15,7.4616e-15,1,1422.5,1422.5,0,0
9.037e-15,7.0546e-15,7.0571e-15,7.4099e-15,1,1425,1425,0,0
9.037e-15,7.005e-15,7.0075e-15,7.3579e-15,1,1427.5,1427.5,0,0
9.037e-15,6.9551e-15,6.9576e-15,7.3055e-15,1,1430,1430,0,0
9.037e-15,6.9049e-15,6.9074e-15,7.2528e-15,1,1432.5,1432.5,0,0
9.037e-15,6.8543e-15,6.8569e-15,7.1997e-15,1,1435,1435,0,0
9.037e-15,6.8034e-15,6.806e-15,7.1463e-15,1,1437.5,1437.5,0,0
9.037e-15,6.7523e-15,6.7548e-15,7.0926e-15,1,1440,1440,0,0
9.037e-15,6.7008e-15,6.7034e-15,7.0386e-15,1,1442.5,1442.5,0,0
9.037e-15,6.6491e-15,6.6517e-15,6.9843e-15,1,1445,1445,0,0
9.037e-15,6.5971e-15,6.5997e-15,6.9297e-15,1,1447.5,1447.5,0,0
9.037e-15,6.5449e-15,6.5475e-15,6.8748e-15,1,1450,1450,0,0
9.037e-15,6.4924e-15,6.495e-15,6.8198e-15,1,1452.5,1452.5,0,0
9.037e-15,6.4397e-15,6.4423e-15,6.7644e-15,1,1455,1455,0,0
9.037e-15,6.3868e-15,6.3894e-15,6.7089e-15,1,1457.5,1457.5,0,0
9.037e-15,6.3337e-15,6.3363e-15,6.6531e-15,1,1460,1460,0,0
9.037e-15,6.2804e-15,6.283e-15,6.5972e-15,1,1462.5,1462.5,0,0
9.037e-15,6.2269e-15,6.2296e-15,6.5411e-15,1,1465,1465,0,0
9.037e-15,6.1733e-15,6.176e-15,6.4848e-15,1,1467.5,1467.5,0,0
9.037e-15,6.1195e-15,6.1222e-15,6.4283e-15,1,1470,1470,0,0
9.037e-15,6.0656e-15,6.0683e-15,6.3717e-15,1,1472.5,1472.5,0,0
9.037e-15,6.0115e-15,6.0142e-15,6.3149e-15,1,1475,1475,0,0
9.037e-15,5.9574e-15,5.9601e-15,6.2581e-15,1,1477.5,1477.5,0,0
9.037e-15,5.9031e-15,5.9058e-15,6.2011e-15,1,1480,1480,0,0
9.037e-15,5.8488e-15,5.8515e-15,6.1441e-15,1,1482.5,1482.5,0,0
9.037e-15,5.7943e-15,5.7971e-15,6.0869e-15,1,1485,1485,0,0
9.037e-15,5.7398e-15,5.7426e-15,6.0297e-15,1,1487.5,1487.5,0,0
9.037e-15,5.6853e-15,5.688e-15,5.9724e-15,1,1490,1490,0,0
9.037e-15,5.6307e-15,5.6334e-15,5.9151e-15,1,1492.5,1492.5,0,0
9.037e-15,5.576e-15,5.5788e-15,5.8577e-15,1,1495,1495,0,0
9.037e-15,5.5214e-15,5.5241e-15,5.8003e-15,1,1497.5,1497.5,0,0
9.037e-15,5.4667e-15,5.4695e-15,5.7429e-15,1,1500,1500,0,0
9.037e-15,5.4121e-15,5.4148e-15,5.6855e-15,1,1502.5,1502.5,0,0
9.037e-15,5.3574e-15,5.3601e-15,5.6281e-15,1,1505,1505,0,0
9.037e-15,5.3028e-15,5.3055e-15,5.5708e-15,1,1507.5,1507.5,0,0
9.037e-15,5.2482e-15,5.2509e-15,5.5134e-15,1,1510,1510,0,0
9.037e-15,5.1936e-15,5.1963e-15,5.4562e-15,1,1512.5,1512.5,0,0
9.037e-15,5.1391e-15,5.1418e-15,5.3989e-15,1,1515,1515,0,0
9.037e-15,5.0847e-15,5.0874e-15,5.3418e-15,1,1517.5,1517.5,0,0
9.037e-15,5.0303e-15,5.033e-15,5.2847e-15,1,1520,1520,0,0
9.037e-15,4.976e-15,4.9787e-15,5.2277e-15,1,1522.5,1522.5,0,0
9.037e-15,4.9218e-15,4.9245e-15,5.1708e-15,1,1525,1525,0,0
9.037e-15,4.8677e-15,4.8704e-15,5.114e-15,1,1527.5,1527.5,0,0
9.037e-15,4.8138e-15,4.8165e-15,5.0573e-15,1,1530,1530,0,0
9.037e-15,4.7599e-15,4.7626e-15,5.0007e-15,1,1532.5,1532.5,0,0
9.037e-15,4.7062e-15,4.7089e-15,4.9443e-15,1,1535,1535,0,0
9.037e-15,4.6526e-15,4.6553e-15,4.8881e-15,1,1537.5,1537.5,0,0
9.037e-15,4.5992e-15,4.6019e-15,4.8319e-15,1,1540,1540,0,0
9.037e-15,4.5459e-15,4.5486e-15,4.776e-15,1,1542.5,1542.5,0,0
9.037e-15,4.4928e-15,4.4955e-15,4.7202e-15,1,1545,1545,0,0
9.037e-15,4.4399e-15,4.4425e-15,4.6647e-15,1,1547.5,1547.5,0,0
9.037e-15,4.3871e-15,4.3898e-15,4.6093e-15,1,1550,1550,0,0
9.037e-15,4.3346e-15,4.3372e-15,4.5541e-15,1,1552.5,1552.5,0,0
9.037e-15,4.2823e-15,4.2849e-15,4.4991e-15,1,1555,1555,0,0
9.037e-15,4.2301e-15,4.2249e-15,4.4362e-15,1,1557.5,1557.5,0,0
9.037e-15,4.1782e-15,4.1834e-15,4.3925e-15,1,1560,1560,0,0
9.037e-15,4.1265e-15,4.1317e-15,4.3382e-15,1,1562.5,1562.5,0,0
9.037e-15,4.075e-15,4.0802e-15,4.2842e-15,1,1565,1565,0,0
9.037e-15,4.0238e-15,4.0289e-15,4.2304e-15,1,1567.5,1567.5,0,0
9.037e-15,3.9728e-15,3.9779e-15,4.1768e-15,1,1570,1570,0,0
9.037e-15,3.9221e-15,3.9272e-15,4.1235e-15,1,1572.5,1572.5,0,0
9.037e-15,3.8716e-15,3.8767e-15,4.0705e-15,1,1575,1575,0,0
9.037e-15,3.8214e-15,3.8265e-15,4.0178e-15,1,1577.5,1577.5,0,0
9.037e-15,3.7715e-15,3.7765e-15,3.9653e-15,1,1580,1580,0,0
9.037e-15,3.7219e-15,3.7268e-15,3.9132e-15,1,1582.5,1582.5,0,0
9.037e-15,3.6725e-15,3.6774e-15,3.8613e-15,1,1585,1585,0,0
9.037e-15,3.6235e-15,3.6284e-15,3.8098e-15,1,1587.5,1587.5,0,0
9.037e-15,3.5747e-15,3.5796e-15,3.7585e-15,1,1590,1590,0,0
9.037e-15,3.5262e-15,3.5311e-15,3.7076e-15,1,1592.5,1592.5,0,0
9.037e-15,3.4781e-15,3.4877e-15,3.6621e-15,1,1595,1595,0,0
9.037e-15,3.4302e-15,3.4302e-15,3.6018e-15,1,1597.5,1597.5,0,0
9.037e-15,3.3827e-15,3.3922e-15,3.5618e-15,1,1600,1600,0,0
9.037e-15,3.3355e-15,3.3355e-15,3.5023e-15,1,1602.5,1602.5,0,0
9.037e-15,3.2887e-15,3.298e-15,3.4629e-15,1,1605,1605,0,0
9.037e-15,3.2421e-15,3.2421e-15,3.4042e-15,1,1607.5,1607.5,0,0
9.037e-15,3.1959e-15,3.2052e-15,3.3654e-15,1,1610,1610,0,0
9.037e-15,3.1501e-15,3.1501e-15,3.3076e-15,1,1612.5,1612.5,0,0
9.037e-15,3.1046e-15,3.1137e-15,3.2693e-15,1,1615,1615,0,0
9.037e-15,3.0594e-15,3.0594e-15,3.2124e-15,1,1617.5,1617.5,0,0
9.037e-15,3.0146e-15,3.0236e-15,3.1748e-15,1,1620,1620,0,0
9.037e-15,2.9702e-15,2.9746e-15,3.1234e-15,1,1622.5,1622.5,0,0
9.037e-15,2.9261e-15,2.9305e-15,3.077e-15,1,1625,1625,0,0
9.037e-15,2.8824e-15,2.8868e-15,3.0311e-15,1,1627.5,1627.5,0,0
9.037e-15,2.8391e-15,2.8434e-15,2.9856e-15,1,1630,1630,0,0
9.037e-15,2.7961e-15,2.7918e-15,2.9314e-15,1,1632.5,1632.5,0,0
9.037e-15,2.7535e-15,2.7556e-15,2.8934e-15,1,1635,1635,0,0
9.037e-15,2.7113e-15,2.7134e-15,2.8491e-15,1,1637.5,1637.5,0,0
9.037e-15,2.6695e-15,2.6716e-15,2.8051e-15,1,1640,1640,0,0
9.037e-15,2.628e-15,2.6301e-15,2.7616e-15,1,1642.5,1642.5,0,0
9.037e-15,2.5869e-15,2.589e-15,2.7184e-15,1,1645,1645,0,0
9.037e-15,2.5463e-15,2.5483e-15,2.6757e-15,1,1647.5,1647.5,0,0
9.037e-15,2.506e-15,2.508e-15,2.6334e-15,1,1650,1650,0,0
9.037e-15,2.4661e-15,2.4681e-15,2.5915e-15,1,1652.5,1652.5,0,0
9.037e-15,2.4266e-15,2.4285e-15,2.55e-15,1,1655,1655,0,0
9.037e-15,2.3875e-15,2.3894e-15,2.5089e-15,1,1657.5,1657.5,0,0
9.037e-15,2.3487e-15,2.3507e-15,2.4682e-15,1,1660,1660,0,0
9.037e-15,2.3104e-15,2.3123e-15,2.4279e-15,1,1662.5,1662.5,0,0
9.037e-15,2.2725e-15,2.2744e-15,2.3881e-15,1,1665,1665,0,0
9.037e-15,2.235e-15,2.2368e-15,2.3487e-15,1,1667.5,1667.5,0,0
9.037e-15,2.1978e-15,2.1997e-15,2.3097e-15,1,1670,1670,0,0
9.037e-15,2.1611e-15,2.163e-15,2.2711e-15,1,1672.5,1672.5,0,0
9.037e-15,2.1248e-15,2.1266e-15,2.2329e-15,1,1675,1675,0,0
9.037e-15,2.0889e-15,2.0907e-15,2.1952e-15,1,1677.5,1677.5,0,0
9.037e-15,2.0534e-15,2.0551e-15,2.1579e-15,1,1680,1680,0,0
9.037e-15,2.0182e-15,2.02e-15,2.121e-15,1,1682.5,1682.5,0,0
9.037e-15,1.9835e-15,1.9853e-15,2.0845e-15,1,1685,1685,0,0
9.037e-15,1.9492e-15,1.9509e-15,2.0485e-15,1,1687.5,1687.5,0,0
9.037e-15,1.9153e-15,1.917e-15,2.0128e-15,1,1690,1690,0,0
9.037e-15,1.8818e-15,1.8835e-15,1.9776e-15,1,1692.5,1692.5,0,0
9.037e-15,1.8487e-15,1.8503e-15,1.9429e-15,1,1695,1695,0,0
9.037e-15,1.816e-15,1.8176e-15,1.9085e-15,1,1697.5,1697.5,0,0
9.037e-15,1.7837e-15,1.7853e-15,1.8746e-15,1,1700,1700,0,0
9.037e-15,1.7518e-15,1.7534e-15,1.841e-15,1,1702.5,1702.5,0,0
9.037e-15,1.7203e-15,1.7218e-15,1.8079e-15,1,1705,1705,0,0
9.037e-15,1.6892e-15,1.6907e-15,1.7752e-15,1,1707.5,1707.5,0,0
9.037e-15,1.6584e-15,1.66e-15,1.743e-15,1,1710,1710,0,0
9.037e-15,1.6281e-15,1.6296e-15,1.7111e-15,1,1712.5,1712.5,0,0
9.037e-15,1.5982e-15,1.5997e-15,1.6797e-15,1,1715,1715,0,0
9.037e-15,1.5687e-15,1.5701e-15,1.6486e-15,1,1717.5,1717.5,0,0
9.037e-15,1.5395e-15,1.541e-15,1.618e-15,1,1720,1720,0,0
9.037e-15,1.5108e-15,1.5122e-15,1.5878e-15,1,1722.5,1722.5,0,0
9.037e-15,1.4824e-15,1.4838e-15,1.558e-15,1,1725,1725,0,0
9.037e-15,1.4545e-15,1.4558e-15,1.5286e-15,1,1727.5,1727.5,0,0
9.037e-15,1.4269e-15,1.4282e-15,1.4996e-15,1,1730,1730,0,0
9.037e-15,1.3997e-15,1.401e-15,1.4711e-15,1,1732.5,1732.5,0,0
9.037e-15,1.3728e-15,1.3742e-15,1.4429e-15,1,1735,1735,0,0
9.037e-15,1.3464e-15,1.3477e-15,1.4151e-15,1,1737.5,1737.5,0,0
9.037e-15,1.3203e-15,1.3216e-15,1.3877e-15,1,1740,1740,0,0
9.037e-15,1.2946e-15,1.2959e-15,1.3607e-15,1,1742.5,1742.5,0,0
9.037e-15,1.2693e-15,1.2706e-15,1.3341e-15,1,1745,1745,0,0
9.037e-15,1.2444e-15,1.2456e-15,1.3079e-15,1,1747.5,1747.5,0,0
9.037e-15,1.2198e-15,1.221e-15,1.2821e-15,1,1750,1750,0,0
9.037e-15,1.1956e-15,1.1968e-15,1.2566e-15,1,1752.5,1752.5,0,0
9.037e-15,1.1717e-15,1.1729e-15,1.2316e-15,1,1755,1755,0,0
9.037e-15,1.1482e-15,1.1494e-15,1.2069e-15,1,1757.5,1757.5,0,0
9.037e-15,1.1251e-15,1.1263e-15,1.1826e-15,1,1760,1760,0,0
9.037e-15,1.1023e-15,1.1035e-15,1.1586e-15,1,1762.5,1762.5,0,0
9.037e-15,1.0799e-15,1.081e-15,1.1351e-15,1,1765,1765,0,0
9.037e-15,1.0578e-15,1.0589e-15,1.1119e-15,1,1767.5,1767.5,0,0
9.037e-15,1.0361e-15,1.0372e-15,1.0891e-15,1,1770,1770,0,0
9.037e-15,1.0147e-15,1.0158e-15,1.0666e-15,1,1772.5,1772.5,0,0
9.037e-15,9.937e-16,9.9474e-16,1.0445e-15,1,1775,1775,0,0
9.037e-15,9.73e-16,9.7403e-16,1.0227e-15,1,1777.5,1777.5,0,0
9.037e-15,9.5264e-16,9.5365e-16,1.0013e-15,1,1780,1780,0,0
9.037e-15,9.3261e-16,9.336e-16,9.8028e-16,1,1782.5,1782.5,0,0
9.037e-15,9.1291e-16,9.1389e-16,9.5958e-16,1,1785,1785,0,0
9.037e-15,8.9353e-16,8.945e-16,9.3922e-16,1,1787.5,1787.5,0,0
9.037e-15,8.7448e-16,8.7543e-16,9.192e-16,1,1790,1790,0,0
9.037e-15,8.5576e-16,8.5668e-16,8.9952e-16,1,1792.5,1792.5,0,0
9.037e-15,8.3734e-16,8.3826e-16,8.8017e-16,1,1795,1795,0,0
9.037e-15,8.1925e-16,8.2014e-16,8.6115e-16,1,1797.5,1797.5,0,0
9.037e-15,8.0146e-16,8.0234e-16,8.4246e-16,1,1800,1800,0,0
9.037e-15,7.8398e-16,7.8485e-16,8.2409e-16,1,1802.5,1802.5,0,0
9.037e-15,7.6681e-16,7.6766e-16,8.0604e-16,1,1805,1805,0,0
9.037e-15,7.4993e-16,7.5077e-16,7.8831e-16,1,1807.5,1807.5,0,0
9.037e-15,7.3336e-16,7.3418e-16,7.7089e-16,1,1810,1810,0,0
9.037e-15,7.1708e-16,7.1789e-16,7.5378e-16,1,1812.5,1812.5,0,0
9.037e-15,7.0109e-16,7.0188e-16,7.3698e-16,1,1815,1815,0,0
9.037e-15,6.8539e-16,6.8617e-16,7.2047e-16,1,1817.5,1817.5,0,0
9.037e-15,6.6997e-16,6.7074e-16,7.0427e-16,1,1820,1820,0,0
9.037e-15,6.5484e-16,6.5559e-16,6.8837e-16,1,1822.5,1822.5,0,0
9.037e-15,6.3998e-16,6.4072e-16,6.7275e-16,1,1825,1825,0,0
9.037e-15,6.254e-16,6.2612e-16,6.5742e-16,1,1827.5,1827.5,0,0
9.037e-15,6.1108e-16,6.1179e-16,6.4238e-16,1,1830,1830,0,0
9.037e-15,5.9704e-16,5.9774e-16,6.2762e-16,1,1832.5,1832.5,0,0
9.037e-15,5.8326e-16,5.8394e-16,6.1314e-16,1,1835,1835,0,0
9.037e-15,5.6974e-16,5.7041e-16,5.9893e-16,1,1837.5,1837.5,0,0
9.037e-15,5.5648e-16,5.5714e-16,5.85e-16,1,1840,1840,0,0
9.037e-15,5.4348e-16,5.4412e-16,5.7133e-16,1,1842.5,1842.5,0,0
9.037e-15,5.3072e-16,5.3135e-16,5.5792e-16,1,1845,1845,0,0
9.037e-15,5.1821e-16,5.1883e-16,5.4477e-16,1,1847.5,1847.5,0,0
9.037e-15,5.0595e-16,5.0656e-16,5.3188e-16,1,1850,1850,0,0
9.037e-15,4.9393e-16,4.9452e-16,5.1925e-16,1,1852.5,1852.5,0,0
9.037e-15,4.8214e-16,4.8272e-16,5.0686e-16,1,1855,1855,0,0
9.037e-15,4.7059e-16,4.7116e-16,4.9472e-16,1,1857.5,1857.5,0,0
9.037e-15,4.5927e-16,4.5983e-16,4.8282e-16,1,1860,1860,0,0
9.037e-15,4.4818e-16,4.4873e-16,4.7116e-16,1,1862.5,1862.5,0,0
9.037e-15,4.3731e-16,4.3785e-16,4.5974e-16,1,1865,1865,0,0
9.037e-15,4.2666e-16,4.2719e-16,4.4855e-16,1,1867.5,1867.5,0,0
9.037e-15,4.1623e-16,4.1675e-16,4.3758e-16,1,1870,1870,0,0
9.037e-15,4.0601e-16,4.0652e-16,4.2684e-16,1,1872.5,1872.5,0,0
9.037e-15,3.9601e-16,3.965e-16,4.1633e-16,1,1875,1875,0,0
9.037e-15,3.8621e-16,3.867e-16,4.0603e-16,1,1877.5,1877.5,0,0
9.037e-15,3.7662e-16,3.7709e-16,3.9595e-16,1,1880,1880,0,0
9.037e-15,3.6723e-16,3.6769e-16,3.8608e-16,1,1882.5,1882.5,0,0
9.037e-15,3.5804e-16,3.5849e-16,3.7642e-16,1,1885,1885,0,0
9.037e-15,3.4904e-16,3.4948e-16,3.6696e-16,1,1887.5,1887.5,0,0
9.037e-15,3.4023e-16,3.4067e-16,3.577e-16,1,1890,1890,0,0
9.037e-15,3.3162e-16,3.3204e-16,3.4865e-16,1,1892.5,1892.5,0,0
9.037e-15,3.2319e-16,3.2361e-16,3.3979e-16,1,1895,1895,0,0
9.037e-15,3.1494e-16,3.1535e-16,3.3112e-16,1,1897.5,1897.5,0,0
9.037e-15,3.0687e-16,3.0727e-16,3.2264e-16,1,1900,1900,0,0
9.037e-15,2.9898e-16,2.9937e-16,3.1434e-16,1,1902.5,1902.5,0,0
9.037e-15,2.9127e-16,2.9165e-16,3.0623e-16,1,1905,1905,0,0
9.037e-15,2.8372e-16,2.8409e-16,2.983e-16,1,1907.5,1907.5,0,0
9.037e-15,2.7634e-16,2.7671e-16,2.9054e-16,1,1910,1910,0,0
9.037e-15,2.6913e-16,2.6948e-16,2.8296e-16,1,1912.5,1912.5,0,0
9.037e-15,2.6208e-16,2.6243e-16,2.7555e-16,1,1915,1915,0,0
9.037e-15,2.5518e-16,2.5553e-16,2.683e-16,1,1917.5,1917.5,0,0
9.037e-15,2.4845e-16,2.4878e-16,2.6122e-16,1,1920,1920,0,0
9.037e-15,2.4187e-16,2.4219e-16,2.543e-16,1,1922.5,1922.5,0,0
9.037e-15,2.3543e-16,2.3575e-16,2.4754e-16,1,1925,1925,0,0
9.037e-15,2.2915e-16,2.2946e-16,2.4094e-16,1,1927.5,1927.5,0,0
9.037e-15,2.2301e-16,2.2332e-16,2.3448e-16,1,1930,1930,0,0
9.037e-15,2.1702e-16,2.1732e-16,2.2818e-16,1,1932.5,1932.5,0,0
9.037e-15,2.1116e-16,2.1145e-16,2.2203e-16,1,1935,1935,0,0
9.037e-15,2.0545e-16,2.0573e-16,2.1602e-16,1,1937.5,1937.5,0,0
9.037e-15,1.9986e-16,2.0014e-16,2.1015e-16,1,1940,1940,0,0
9.037e-15,1.9441e-16,1.9468e-16,2.0442e-16,1,1942.5,1942.5,0,0
9.037e-15,1.8909e-16,1.8936e-16,1.9882e-16,1,1945,1945,0,0
9.037e-15,1.839e-16,1.8416e-16,1.9336e-16,1,1947.5,1947.5,0,0
9.037e-15,1.7883e-16,1.7908e-16,1.8803e-16,1,1950,1950,0,0
9.037e-15,1.7388e-16,1.7413e-16,1.8283e-16,1,1952.5,1952.5,0,0
9.037e-15,1.6906e-16,1.693e-16,1.7776e-16,1,1955,1955,0,0
9.037e-15,1.6435e-16,1.6458e-16,1.7281e-16,1,1957.5,1957.5,0,0
9.037e-15,1.5975e-16,1.5998e-16,1.6798e-16,1,1960,1960,0,0
9.037e-15,1.5527e-16,1.5549e-16,1.6327e-16,1,1962.5,1962.5,0,0
9.037e-15,1.509e-16,1.5112e-16,1.5867e-16,1,1965,1965,0,0
9.037e-15,1.4664e-16,1.4685e-16,1.5419e-16,1,1967.5,1967.5,0,0
9.037e-15,1.4248e-16,1.4269e-16,1.4982e-16,1,1970,1970,0,0
9.037e-15,1.3843e-16,1.3863e-16,1.4556e-16,1,1972.5,1972.5,0,0
9.037e-15,1.3448e-16,1.3468e-16,1.4141e-16,1,1975,1975,0,0
9.037e-15,1.3063e-16,1.3082e-16,1.3736e-16,1,1977.5,1977.5,0,0
9.037e-15,1.2688e-16,1.2706e-16,1.3342e-16,1,1980,1980,0,0
9.037e-15,1.2322e-16,1.234e-16,1.2957e-16,1,1982.5,1982.5,0,0
9.037e-15,1.1966e-16,1.1983e-16,1.2583e-16,1,1985,1985,0,0
9.037e-15,1.1619e-16,1.1636e-16,1.2217e-16,1,1987.5,1987.5,0,0
9.037e-15,1.128e-16,1.1297e-16,1.1862e-16,1,1990,1990,0,0
9.037e-15,1.0951e-16,1.0967e-16,1.1515e-16,1,1992.5,1992.5,0,0
9.037e-15,1.063e-16,1.0646e-16,1.1178e-16,1,1995,1995,0,0
9.037e-15,1.0317e-16,1.0333e-16,1.0849e-16,1,1997.5,1997.5,0,0
9.037e-15,1.0013e-16,1.0028e-16,1.0529e-16,1,2000,2000,0,0
9.037e-15,9.7162e-17,9.7309e-17,1.0217e-16,1,2002.5,2002.5,0,0
9.037e-15,9.4277e-17,9.4419e-17,9.914e-17,1,2005,2005,0,0
9.037e-15,9.1468e-17,9.1606e-17,9.6187e-17,1,2007.5,2007.5,0,0
9.037e-15,8.8733e-17,8.8868e-17,9.3312e-17,1,2010,2010,0,0
9.037e-15,8.6072e-17,8.6203e-17,9.0514e-17,1,2012.5,2012.5,0,0
9.037e-15,8.3482e-17,8.361e-17,8.7791e-17,1,2015,2015,0,0
9.037e-15,8.0962e-17,8.1087e-17,8.5141e-17,1,2017.5,2017.5,0,0
9.037e-15,7.8511e-17,7.8632e-17,8.2563e-17,1,2020,2020,0,0
9.037e-15,7.6126e-17,7.6243e-17,8.0056e-17,1,2022.5,2022.5,0,0
9.037e-15,7.3806e-17,7.392e-17,7.7616e-17,1,2025,2025,0,0
9.037e-15,7.1549e-17,7.1661e-17,7.5244e-17,1,2027.5,2027.5,0,0
9.037e-15,6.9355e-17,6.9463e-17,7.2936e-17,1,2030,2030,0,0
9.037e-15,6.7221e-17,6.7326e-17,7.0693e-17,1,2032.5,2032.5,0,0
9.037e-15,6.5146e-17,6.5249e-17,6.8511e-17,1,2035,2035,0,0
9.037e-15,6.3129e-17,6.3229e-17,6.639e-17,1,2037.5,2037.5,0,0
9.037e-15,6.1169e-17,6.1265e-17,6.4329e-17,1,2040,2040,0,0
9.037e-15,5.9263e-17,5.9357e-17,6.2325e-17,1,2042.5,2042.5,0,0
9.037e-15,5.7411e-17,5.7502e-17,6.0377e-17,1,2045,2045,0,0
9.037e-15,5.5611e-17,5.57e-17,5.8485e-17,1,2047.5,2047.5,0,0
9.037e-15,5.3863e-17,5.3949e-17,5.6646e-17,1,2050,2050,0,0
9.037e-15,5.2164e-17,5.2247e-17,5.486e-17,1,2052.5,2052.5,0,0
9.037e-15,5.0513e-17,5.0595e-17,5.3124e-17,1,2055,2055,0,0
9.037e-15,4.891e-17,4.8989e-17,5.1439e-17,1,2057.5,2057.5,0,0
9.037e-15,4.7353e-17,4.743e-17,4.9802e-17,1,2060,2060,0,0
9.037e-15,4.5841e-17,4.5916e-17,4.8212e-17,1,2062.5,2062.5,0,0
9.037e-15,4.4373e-17,4.4446e-17,4.6668e-17,1,2065,2065,0,0
9.037e-15,4.2948e-17,4.3018e-17,4.5169e-17,1,2067.5,2067.5,0,0
9.037e-15,4.1564e-17,4.1632e-17,4.3714e-17,1,2070,2070,0,0
9.037e-15,4.0221e-17,4.0287e-17,4.2301e-17,1,2072.5,2072.5,0,0
9.037e-15,3.8917e-17,3.8981e-17,4.0931e-17,1,2075,2075,0,0
9.037e-15,3.7652e-17,3.7714e-17,3.96e-17,1,2077.5,2077.5,0,0
9.037e-15,3.6424e-17,3.6485e-17,3.8309e-17,1,2080,2080,0,0
9.037e-15,3.5233e-17,3.5292e-17,3.7056e-17,1,2082.5,2082.5,0,0
9.037e-15,3.4077e-17,3.4134e-17,3.5841e-17,1,2085,2085,0,0
9.037e-15,3.2956e-17,3.3012e-17,3.4662e-17,1,2087.5,2087.5,0,0
9.037e-15,3.1869e-17,3.1923e-17,3.3519e-17,1,2090,2090,0,0
9.037e-15,3.0814e-17,3.0866e-17,3.241e-17,1,2092.5,2092.5,0,0
9.037e-15,2.9792e-17,2.9842e-17,3.1334e-17,1,2095,2095,0,0
9.037e-15,2.88e-17,2.8849e-17,3.0292e-17,1,2097.5,2097.5,0,0
9.037e-15,2.7839e-17,2.7886e-17,2.9281e-17,1,2100,2100,0,0
9.037e-15,2.6907e-17,2.6953e-17,2.8301e-17,1,2102.5,2102.5,0,0
9.037e-15,2.6004e-17,2.6048e-17,2.7351e-17,1,2105,2105,0,0
9.037e-15,2.5128e-17,2.5215e-17,2.6475e-17,1,2107.5,2107.5,0,0
9.037e-15,2.428e-17,2.4363e-17,2.5582e-17,1,2110,2110,0,0
9.037e-15,2.3457e-17,2.3539e-17,2.4715e-17,1,2112.5,2112.5,0,0
9.037e-15,2.2661e-17,2.2739e-17,2.3876e-17,1,2115,2115,0,0
9.037e-15,2.1889e-17,2.1965e-17,2.3063e-17,1,2117.5,2117.5,0,0
9.037e-15,2.1141e-17,2.1215e-17,2.2276e-17,1,2120,2120,0,0
9.037e-15,2.0417e-17,2.0489e-17,2.1513e-17,1,2122.5,2122.5,0,0
9.037e-15,1.9716e-17,1.9785e-17,2.0775e-17,1,2125,2125,0,0
9.037e-15,1.9037e-17,1.9104e-17,2.0059e-17,1,2127.5,2127.5,0,0
9.037e-15,1.8379e-17,1.8444e-17,1.9367e-17,1,2130,2130,0,0
9.037e-15,1.7743e-17,1.7806e-17,1.8696e-17,1,2132.5,2132.5,0,0
9.037e-15,1.7127e-17,1.7187e-17,1.8047e-17,1,2135,2135,0,0
9.037e-15,1.653e-17,1.6589e-17,1.7418e-17,1,2137.5,2137.5,0,0
9.037e-15,1.5953e-17,1.601e-17,1.681e-17,1,2140,2140,0,0
9.037e-15,1.5394e-17,1.5449e-17,1.6222e-17,1,2142.5,2142.5,0,0
9.037e-15,1.4853e-17,1.4907e-17,1.5652e-17,1,2145,2145,0,0
9.037e-15,1.433e-17,1.4382e-17,1.5101e-17,1,2147.5,2147.5,0,0
9.037e-15,1.3824e-17,1.3874e-17,1.4568e-17,1,2150,2150,0,0
9.037e-15,1.3335e-17,1.3383e-17,1.4052e-17,1,2152.5,2152.5,0,0
9.037e-15,1.2861e-17,1.2908e-17,1.3554e-17,1,2155,2155,0,0
9.037e-15,1.2404e-17,1.2449e-17,1.3071e-17,1,2157.5,2157.5,0,0
9.037e-15,1.1961e-17,1.2004e-17,1.2605e-17,1,2160,2160,0,0
9.037e-15,1.1533e-17,1.1575e-17,1.2154e-17,1,2162.5,2162.5,0,0
9.037e-15,1.1119e-17,1.116e-17,1.1718e-17,1,2165,2165,0,0
9.037e-15,1.0719e-17,1.0758e-17,1.1296e-17,1,2167.5,2167.5,0,0
9.037e-15,1.0332e-17,1.037e-17,1.0889e-17,1,2170,2170,0,0
9.037e-15,9.9581e-18,9.995e-18,1.0495e-17,1,2172.5,2172.5,0,0
9.037e-15,9.5968e-18,9.6325e-18,1.0114e-17,1,2175,2175,0,0
9.037e-15,9.2478e-18,9.2822e-18,9.7463e-18,1,2177.5,2177.5,0,0
9.037e-15,8.9105e-18,8.9438e-18,9.391e-18,1,2180,2180,0,0
9.037e-15,8.5847e-18,8.6169e-18,9.0477e-18,1,2182.5,2182.5,0,0
9.037e-15,8.27e-18,8.301e-18,8.7161e-18,1,2185,2185,0,0
9.037e-15,7.966e-18,7.996e-18,8.3958e-18,1,2187.5,2187.5,0,0
9.037e-15,7.6724e-18,7.7014e-18,8.0865e-18,1,2190,2190,0,0
9.037e-15,7.3889e-18,7.4169e-18,7.7877e-18,1,2192.5,2192.5,0,0
9.037e-15,7.1152e-18,7.1422e-18,7.4993e-18,1,2195,2195,0,0
9.037e-15,6.8509e-18,6.877e-18,7.2208e-18,1,2197.5,2197.5,0,0
9.037e-15,6.5958e-18,6.621e-18,6.952e-18,1,2200,2200,0,0
9.037e-15,6.3496e-18,6.3738e-18,6.6925e-18,1,2202.5,2202.5,0,0
9.037e-15,6.1119e-18,6.1353e-18,6.4421e-18,1,2205,2205,0,0
9.037e-15,5.8825e-18,5.9051e-18,6.2004e-18,1,2207.5,2207.5,0,0
9.037e-15,5.6612e-18,5.683e-18,5.9672e-18,1,2210,2210,0,0
9.037e-15,5.4477e-18,5.4687e-18,5.7421e-18,1,2212.5,2212.5,0,0
9.037e-15,5.2416e-18,5.2619e-18,5.525e-18,1,2215,2215,0,0
9.037e-15,5.0429e-18,5.0625e-18,5.3156e-18,1,2217.5,2217.5,0,0
9.037e-15,4.8512e-18,4.8701e-18,5.1136e-18,1,2220,2220,0,0
9.037e-15,4.6664e-18,4.6846e-18,4.9188e-18,1,2222.5,2222.5,0,0
9.037e-15,4.4881e-18,4.5057e-18,4.731e-18,1,2225,2225,0,0
9.037e-15,4.3162e-18,4.3332e-18,4.5498e-18,1,2227.5,2227.5,0,0
9.037e-15,4.1505e-18,4.1669e-18,4.3752e-18,1,2230,2230,0,0
9.037e-15,3.9908e-18,4.0065e-18,4.2068e-18,1,2232.5,2232.5,0,0
9.037e-15,3.8368e-18,3.852e-18,4.0446e-18,1,2235,2235,0,0
9.037e-15,3.6884e-18,3.703e-18,3.8881e-18,1,2237.5,2237.5,0,0
9.037e-15,3.5453e-18,3.5594e-18,3.7374e-18,1,2240,2240,0,0
9.037e-15,3.4075e-18,3.4211e-18,3.5922e-18,1,2242.5,2242.5,0,0
9.037e-15,3.2747e-18,3.2878e-18,3.4522e-18,1,2245,2245,0,0
9.037e-15,3.1468e-18,3.1594e-18,3.3174e-18,1,2247.5,2247.5,0,0
9.037e-15,3.0236e-18,3.0357e-18,3.1875e-18,1,2250,2250,0,0
9.037e-15,2.9049e-18,2.9166e-18,3.0624e-18,1,2252.5,2252.5,0,0
9.037e-15,2.7905e-18,2.8018e-18,2.9419e-18,1,2255,2255,0,0
9.037e-15,2.6805e-18,2.6913e-18,2.8259e-18,1,2257.5,2257.5,0,0
9.037e-15,2.5744e-18,2.5849e-18,2.7141e-18,1,2260,2260,0,0
9.037e-15,2.4724e-18,2.4824e-18,2.6066e-18,1,2262.5,2262.5,0,0
9.037e-15,2.3741e-18,2.3838e-18,2.503e-18,1,2265,2265,0,0
9.037e-15,2.2796e-18,2.2889e-18,2.4033e-18,1,2267.5,2267.5,0,0
9.037e-15,2.1885e-18,2.1975e-18,2.3074e-18,1,2270,2270,0,0
9.037e-15,2.1009e-18,2.1096e-18,2.215e-18,1,2272.5,2272.5,0,0
9.037e-15,2.0166e-18,2.0249e-18,2.1262e-18,1,2275,2275,0,0
9.037e-15,1.9355e-18,1.9435e-18,2.0407e-18,1,2277.5,2277.5,0,0
9.037e-15,1.8575e-18,1.8652e-18,1.9584e-18,1,2280,2280,0,0
9.037e-15,1.7824e-18,1.7898e-18,1.8793e-18,1,2282.5,2282.5,0,0
9.037e-15,1.7102e-18,1.7173e-18,1.8032e-18,1,2285,2285,0,0
9.037e-15,1.6408e-18,1.6476e-18,1.73e-18,1,2287.5,2287.5,0,0
9.037e-15,1.574e-18,1.5806e-18,1.6596e-18,1,2290,2290,0,0
9.037e-15,1.5098e-18,1.5161e-18,1.5919e-18,1,2292.5,2292.5,0,0
9.037e-15,1.4481e-18,1.4603e-18,1.5333e-18,1,2295,2295,0,0
9.037e-15,1.3888e-18,1.3888e-18,1.4582e-18,1,2297.5,2297.5,0,0
9.037e-15,1.3317e-18,1.3429e-18,1.4101e-18,1,2300,2300,0,0
9.037e-15,1.2769e-18,1.2769e-18,1.3407e-18,1,2302.5,2302.5,0,0
9.037e-15,1.2241e-18,1.2345e-18,1.2963e-18,1,2305,2305,0,0
9.037e-15,1.1735e-18,1.1735e-18,1.2322e-18,1,2307.5,2307.5,0,0
9.037e-15,1.1248e-18,1.1344e-18,1.1912e-18,1,2310,2310,0,0
9.037e-15,1.0781e-18,1.0781e-18,1.132e-18,1,2312.5,2312.5,0,0
9.037e-15,1.0332e-18,1.042e-18,1.0941e-18,1,2315,2315,0,0
9.037e-15,9.9007e-19,9.9007e-19,1.0396e-18,1,2317.5,2317.5,0,0
9.037e-15,9.486e-19,9.5679e-19,1.0046e-18,1,2320,2320,0,0
9.037e-15,9.0885e-19,9.0885e-19,9.5429e-19,1,2322.5,2322.5,0,0
9.037e-15,8.7061e-19,8.7815e-19,9.2206e-19,1,2325,2325,0,0
9.037e-15,8.3395e-19,8.3395e-19,8.7565e-19,1,2327.5,2327.5,0,0
9.037e-15,7.987e-19,8.0566e-19,8.4594e-19,1,2330,2330,0,0
9.037e-15,7.6492e-19,7.6492e-19,8.0317e-19,1,2332.5,2332.5,0,0
9.037e-15,7.3245e-19,7.3886e-19,7.758e-19,1,2335,2335,0,0
9.037e-15,7.0133e-19,7.0133e-19,7.3639e-19,1,2337.5,2337.5,0,0
9.037e-15,6.7142e-19,6.7732e-19,7.1119e-19,1,2340,2340,0,0
9.037e-15,6.4276e-19,6.4276e-19,6.749e-19,1,2342.5,2342.5,0,0
9.037e-15,6.1523e-19,6.2066e-19,6.5169e-19,1,2345,2345,0,0
9.037e-15,5.8885e-19,5.8885e-19,6.183e-19,1,2347.5,2347.5,0,0
9.037e-15,5.6351e-19,5.6851e-19,5.9694e-19,1,2350,2350,0,0
9.037e-15,5.3925e-19,5.3925e-19,5.6621e-19,1,2352.5,2352.5,0,0
9.037e-15,5.1594e-19,5.2054e-19,5.4657e-19,1,2355,2355,0,0
9.037e-15,4.9363e-19,4.9363e-19,5.1831e-19,1,2357.5,2357.5,0,0
9.037e-15,4.7219e-19,4.7642e-19,5.0024e-19,1,2360,2360,0,0
9.037e-15,4.5168e-19,4.5168e-19,4.7427e-19,1,2362.5,2362.5,0,0
9.037e-15,4.3198e-19,4.3587e-19,4.5766e-19,1,2365,2365,0,0
9.037e-15,4.1314e-19,4.1314e-19,4.3379e-19,1,2367.5,2367.5,0,0
9.037e-15,3.9504e-19,3.9861e-19,4.1854e-19,1,2370,2370,0,0
9.037e-15,3.7773e-19,3.7773e-19,3.9662e-19,1,2372.5,2372.5,0,0
9.037e-15,3.6111e-19,3.6439e-19,3.8261e-19,1,2375,2375,0,0
9.037e-15,3.4522e-19,3.4522e-19,3.6248e-19,1,2377.5,2377.5,0,0
9.037e-15,3.2997e-19,3.3297e-19,3.4962e-19,1,2380,2380,0,0
9.037e-15,3.1538e-19,3.1538e-19,3.3115e-19,1,2382.5,2382.5,0,0
9.037e-15,3.0139e-19,3.0415e-19,3.1935e-19,1,2385,2385,0,0
9.037e-15,2.8801e-19,2.8801e-19,3.0241e-19,1,2387.5,2387.5,0,0
9.037e-15,2.7517e-19,2.777e-19,2.9159e-19,1,2390,2390,0,0
9.037e-15,2.629e-19,2.629e-19,2.7605e-19,1,2392.5,2392.5,0,0
9.037e-15,2.5113e-19,2.5346e-19,2.6613e-19,1,2395,2395,0,0
9.037e-15,2.3989e-19,2.3989e-19,2.5188e-19,1,2397.5,2397.5,0,0
9.037e-15,2.2911e-19,2.3123e-19,2.428e-19,1,2400,2400,0,0
9.037e-15,2.188e-19,2.188e-19,2.2975e-19,1,2402.5,2402.5,0,0
9.037e-15,2.0893e-19,2.1088e-19,2.2142e-19,1,2405,2405,0,0
9.037e-15,1.9949e-19,1.9949e-19,2.0947e-19,1,2407.5,2407.5,0,0
9.037e-15,1.9045e-19,1.9223e-19,2.0184e-19,1,2410,2410,0,0
9.037e-15,1.8181e-19,1.8181e-19,1.909e-19,1,2412.5,2412.5,0,0
9.037e-15,1.7354e-19,1.7517e-19,1.8393e-19,1,2415,2415,0,0
9.037e-15,1.6563e-19,1.6563e-19,1.7392e-19,1,2417.5,2417.5,0,0
9.037e-15,1.5806e-19,1.5956e-19,1.6753e-19,1,2420,2420,0,0
9.037e-15,1.5083e-19,1.5083e-19,1.5838e-19,1,2422.5,2422.5,0,0
9.037e-15,1.4391e-19,1.4528e-19,1.5254e-19,1,2425,2425,0,0
9.037e-15,1.373e-19,1.373e-19,1.4417e-19,1,2427.5,2427.5,0,0
9.037e-15,1.3097e-19,1.3222e-19,1.3883e-19,1,2430,2430,0,0
9.037e-15,1.2493e-19,1.2493e-19,1.3118e-19,1,2432.5,2432.5,0,0
9.037e-15,1.1915e-19,1.2029e-19,1.2631e-19,1,2435,2435,0,0
9.037e-15,1.1363e-19,1.1363e-19,1.1932e-19,1,2437.5,2437.5,0,0
9.037e-15,1.0835e-19,1.0939e-19,1.1486e-19,1,2440,2440,0,0
9.037e-15,1.0332e-19,1.0332e-19,1.0848e-19,1,2442.5,2442.5,0,0
9.037e-15,9.8493e-20,9.9444e-20,1.0442e-19,1,2445,2445,0,0
9.037e-15,9.3896e-20,9.3896e-20,9.859e-20,1,2447.5,2447.5,0,0
9.037e-15,8.9496e-20,9.0363e-20,9.4881e-20,1,2450,2450,0,0
9.037e-15,8.5301e-20,8.5301e-20,8.9566e-20,1,2452.5,2452.5,0,0
9.037e-15,8.1287e-20,8.2078e-20,8.6182e-20,1,2455,2455,0,0
9.037e-15,7.7462e-20,7.7462e-20,8.1335e-20,1,2457.5,2457.5,0,0
9.037e-15,7.3802e-20,7.4523e-20,7.825e-20,1,2460,2460,0,0
9.037e-15,7.0315e-20,7.0315e-20,7.3831e-20,1,2462.5,2462.5,0,0
9.037e-15,6.698e-20,6.7637e-20,7.1019e-20,1,2465,2465,0,0
9.037e-15,6.3802e-20,6.3802e-20,6.6992e-20,1,2467.5,2467.5,0,0
9.037e-15,6.0764e-20,6.1362e-20,6.443e-20,1,2470,2470,0,0
9.037e-15,5.7869e-20,5.7869e-20,6.0763e-20,1,2472.5,2472.5,0,0
9.037e-15,5.5102e-20,5.5647e-20,5.843e-20,1,2475,2475,0,0
9.037e-15,5.2467e-20,5.2467e-20,5.509e-20,1,2477.5,2477.5,0,0
9.037e-15,4.9948e-20,5.0445e-20,5.2967e-20,1,2480,2480,0,0
9.037e-15,4.755e-20,4.755e-20,4.9928e-20,1,2482.5,2482.5,0,0
9.037e-15,4.5258e-20,4.571e-20,4.7995e-20,1,2485,2485,0,0
9.037e-15,4.3077e-20,4.3077e-20,4.5231e-20,1,2487.5,2487.5,0,0
9.037e-15,4.0993e-20,4.1403e-20,4.3473e-20,1,2490,2490,0,0
9.037e-15,3.9009e-20,3.9009e-20,4.0959e-20,1,2492.5,2492.5,0,0
9.037e-15,3.7114e-20,3.7487e-20,3.9361e-20,1,2495,2495,0,0
9.037e-15,3.5311e-20,3.5311e-20,3.7076e-20,1,2497.5,2497.5,0,0
9.037e-15,3.3589e-20,3.3928e-20,3.5624e-20,1,2500,2500,0,0
