time,average_ci,average_cv,left_jix,left_jvx,right_jix,right_jvx,tot_ci,tot_cv
0,0,0,0,0,0,0,0,0
1,9.901188479661e-07,1.0000100237109e-06,-4.30300573975e-28,-1.6116080959292e-28,2.1422244552254e-28,-9.0280711982584e-29,0.064888428820306,0.065536656913915
2.2,2.1690831109817e-06,2.1999887060479e-06,-4.25145142734e-28,-1.6112695070196e-28,2.1163373627553e-28,-9.0324237211724e-29,0.1421530307613,0.14417845983956
3.64,3.5669383846631e-06,3.6399457616009e-06,-4.19020135862e-28,-1.6107212919158e-28,2.0856992337638e-28,-9.0365020976079e-29,0.23376287397728,0.23854748543227
5.368,5.2187372314988e-06,5.3678675542089e-06,-4.1178777376365e-28,-1.6101216249401e-28,2.0495484574437e-28,-9.0407737424154e-29,0.34201516320351,0.35178856803263
7.4416,7.1639422389432e-06,7.441334587521e-06,-4.032818590465e-28,-1.6095138942729e-28,2.0070690012217e-28,-9.0449414980116e-29,0.46949611857138,0.48767530352777
9.92992,9.4457973993605e-06,9.9294383992438e-06,-3.9331791552568e-28,-1.6089257019178e-28,1.9573485638468e-28,-9.0488185488396e-29,0.61903977836449,0.65073567493284
12.915904,1.2110352463845e-05,1.2915081303747e-05,-3.8169796269559e-28,-1.6083727245066e-28,1.899405069785e-28,-9.0522920064595e-29,0.79366405907057,0.84640276832238
16.4990848,1.5204869387081e-05,1.6497735134818e-05,-3.6821780002589e-28,-1.6078615338529e-28,1.8322230454025e-28,-9.0553126989129e-29,0.99646632015172,1.0811955697955
20.79890176,1.8775348590139e-05,2.0796750286549e-05,-4.79232802306e-28,-3.1311666335381e-28,3.8784480944535e-28,1.6511649391493e-28,1.2304612452033,1.3629358267793
25.958682112,2.2862913115139e-05,2.5955324474802e-05,-7.3168327850585e-28,-6.5670199490079e-28,5.8680017959922e-28,4.3608792060216e-28,1.4983438739138,1.7010081447806
32.1504185344,2.749881711839e-05,3.2145262167082e-05,-1.0093046132384e-27,-1.0733566547149e-27,8.063184927829e-28,7.6582865474503e-28,1.8021624786708,2.1066719013819
39.58050224128,3.2697940730113e-05,3.957268150922e-05,-1.2867757901423e-27,-1.5521290292784e-27,1.0272208410569e-27,1.147031124813e-27,2.1428922436887,2.5934352553883
48.496602689536,3.8450842027868e-05,4.8484856295765e-05,-1.5486851040909e-27,-2.0972247430071e-27,1.2374541635291e-27,1.5837886945539e-27,2.5199143831384,3.1775035421993
59.195923227443,4.4714808358893e-05,5.9178417205174e-05,-1.7822708967096e-27,-2.7207934225414e-27,1.4266364265111e-27,2.0862108229138e-27,2.9304296806084,3.8783167499583
72.035107872932,5.1404919564887e-05,7.2009180140984e-05,-1.9743445380535e-27,-3.4399625523241e-27,1.5837652713103e-27,2.6682203051799e-27,3.3688728086044,4.7191936297196
87.442129447518,5.8386892792503e-05,8.7403921326998e-05,-2.110472068638e-27,-4.2756828768135e-27,1.6966579420314e-27,3.3466817023345e-27,3.8264434060495,5.7281033880861
105.93055533702,6.5474306695535e-05,0.00010587448020064,-2.1757311226974e-27,-5.2522712512833e-27,1.7526335135628e-27,4.1410018383393e-27,4.2909241635986,6.9385899344294
128.11666640443,7.2433416204552e-05,0.00012803464371387,-2.1568274291562e-27,-6.3970496910598e-27,1.7402996559497e-27,5.0727165747745e-27,4.7469963643815,8.3908784104323
154.73999968531,7.8998673435047e-05,0.00015462035113429,-2.0453758361288e-27,-7.7396148272312e-27,1.6523061438366e-27,6.164656448383e-27,5.1772570622392,10.133199331937
186.68799962237,8.4900630193454e-05,0.00018651385872862,-1.8418365027937e-27,-9.3101889377761e-27,1.4886536973904e-27,7.4391826085763e-27,5.5640477003582,12.223372245639
225.02559954685,8.9904613019347e-05,0.00022477262076933,-1.5590402835939e-27,-1.113622770697e-26,1.2596693639957e-27,8.9147050953875e-27,5.8919887188359,14.730698474738
271.03071945622,9.3853606475408e-05,0.00027066377905878,-1.2236649621195e-27,-1.3235916156878e-26,9.8726694998413e-28,1.0599157998658e-26,6.1507899539724,17.738221424396
326.23686334746,9.6703636023583e-05,0.00032570530930709,-8.7388020213247e-28,-1.560620517133e-26,7.0298398912756e-28,1.2478144800177e-26,6.3375694904415,21.34542315075
392.48423601695,9.8537585265366e-05,0.00039171505038566,-5.5222256726787e-28,-1.8201358157276e-26,4.4199923423782e-28,1.4493847191426e-26,6.457759187951,25.671437542075
471.98108322034,9.9547221857478e-05,0.00047086904184742,-2.9484129537875e-28,-2.0895213683265e-26,2.3409784920816e-28,1.6508173804869e-26,6.5239267316517,30.858873526512
567.37729986441,9.9984438368544e-05,0.00056577081585123,-1.1700177776424e-28,-2.2565501169632e-26,8.8213575990953e-29,1.6807270939695e-26,6.5525801529209,37.078356187626
681.8527598373,0.00010009743788084,0.00067953351832864,-2.2246490260728e-29,-2.3023876015427e-26,1.6884386516376e-29,1.715317670565e-26,6.5599856889585,44.533908657186
819.22331180476,0.00010007692251084,0.00081587698935174,9.4680873865766e-30,-2.3197385721148e-26,-7.0540840915437e-30,1.7284291236838e-26,6.5586411936706,53.469314374156
984.06797416571,0.0001000330166715,0.00097924215197227,1.1080716085847e-29,-2.3246064999606e-26,-8.3192363905388e-30,1.7321335629386e-26,6.5557637805834,64.175613671655
1181.8815689988,0.00010000632518852,0.0011749252656681,5.1595625958161e-30,-2.3236933314908e-26,-3.884125497044e-30,1.7314859826659e-26,6.5540145275552,76.999902210821
1419.2578827986,9.9998036462569e-05,0.0014092347236801,1.0455985731225e-30,-2.3197441831417e-26,-7.9114846625154e-31,1.7285577192306e-26,6.5534713176109,92.355606851097
1704.1094593583,9.9998074644755e-05,0.0016896730634068,-2.4520622455933e-31,-2.3138083459715e-26,1.8231141433497e-31,1.7241406839315e-26,6.5534738199187,110.73441388343
2045.93135123,9.9999405555964e-05,0.002025146623192,-2.4672566270036e-31,-2.3061960134301e-26,1.8498981854097e-31,1.7184715419246e-26,6.5535610425156,132.72000909751
2456.117621476,9.999999156358e-05,0.0024262046854551,-6.7871294225609e-32,-2.2968775642141e-26,5.0788055812698e-32,1.7115283169189e-26,6.5535994471108,159.00375026599
2948.3411457712,0.00010000005726747,0.0029053088070169,1.7001605612619e-33,-2.2856512787718e-26,-1.5992974660896e-33,1.7031627956398e-26,6.5536037530806,190.40231797666
3539.0093749255,0.00010000001761967,0.0034771310892959,6.2739399530881e-33,-2.2722118122394e-26,-5.0968884112047e-33,1.6931484232332e-26,6.5536011547226,227.8772630681
4247.8112499105,0.00010000000011413,0.0041588770229733,1.2752742765404e-33,-2.2561696862895e-26,-1.3454986018237e-33,1.6811934247584e-26,6.5536000074793,272.55616457758
5098.3734998927,9.9999998835382e-05,0.0049706237714646,-3.3453830949605e-34,-2.2370593067102e-26,-1.3490984918495e-34,1.6669524507163e-26,6.5535999236756,325.7547994867
6119.0481998712,9.9999999724184e-05,0.0059356577103144,-3.3953448039587e-34,-2.2143393440836e-26,-1.326599179188e-34,1.6500242905894e-26,6.5535999819241,388.99926370317
7343.8578398454,9.9999999948304e-05,0.0070807849390312,-2.4189408089011e-34,-2.1873799703751e-26,-1.9531388623602e-34,1.6299343686945e-26,6.5535999966121,464.04632176435
8813.6294078145,9.9999999927821e-05,0.0084365744206304,-2.3744715791702e-34,-2.155460956985e-26,-2.0775468264882e-34,1.6061500406446e-26,6.5535999952697,552.89934123043
10577.355289377,9.9999999901179e-05,0.010037474424638,-2.3736113113332e-34,-2.1177729573251e-26,-2.0728484406089e-34,1.5780669654998e-26,6.5535999935237,657.81592389306
12693.826347253,9.9999999881436e-05,0.011921718234134,-2.3884343879101e-34,-2.0734177150203e-26,-2.0482315455793e-34,1.5450173528181e-26,6.5535999922298,781.30172619219
15233.591616703,9.9999999859448e-05,0.014130904325275,-2.3673909131268e-34,-2.0214118488744e-26,-2.042937589659e-34,1.506262382177e-26,6.5535999907888,926.08294586125
18281.309940044,9.9999999833691e-05,0.01670910032077,-2.2901653311388e-34,-1.9607245974636e-26,-2.136839132796e-34,1.4610458777878e-26,6.5535999891007,1095.047598622
21938.571928053,9.9999999803699e-05,0.019701282111156,-2.4188084600031e-34,-1.8902975847346e-26,-2.0998476158026e-34,1.4085666423665e-26,6.5535999871352,1291.1432244367
26327.286313664,9.9999999769111e-05,0.023150886686582,-2.3795008372945e-34,-1.809103161432e-26,-2.0873406449408e-34,1.348064359658e-26,6.5535999848684,1517.2165098918
31593.743576396,9.9999999729761e-05,0.027096242585684,-2.3147160517194e-34,-1.7162312413913e-26,-2.090384669595e-34,1.2788556544917e-26,6.5535999822896,1775.7793540954
37913.492291676,9.9999999685132e-05,0.031565667220235,-2.3622293061044e-34,-1.6110141178575e-26,-2.0733778362009e-34,1.200451552535e-26,6.5535999793648,2068.6875669453
45497.190750011,9.9999999634792e-05,0.036571118023426,-2.3428401925462e-34,-1.4931932152193e-26,-2.1016343259257e-34,1.11266678261e-26,6.5535999760658,2396.7247907832
54597.628900013,9.9999999579643e-05,0.042100496767579,-2.3426416691992e-34,-1.3630322846287e-26,-2.1077885496831e-34,1.015664774303e-26,6.5535999724515,2759.0981561601
65518.154680015,9.999999951932e-05,0.048109079213555,-2.3951841817085e-34,-1.2216048986724e-26,-2.0726499172619e-34,9.102966471564e-27,6.5535999684981,3152.8766153395
78622.785616018,9.9999999455317e-05,0.054511106319223,-2.3966400195866e-34,-1.0709472225728e-26,-2.0692750203627e-34,7.9804153635063e-27,6.5535999643036,3572.4398637366
94348.342739222,9.9999999388696e-05,0.061173308825104,-2.3779126505184e-34,-9.1418243079191e-27,-2.0524667103156e-34,6.8123211099133e-27,6.5535999599376,4009.053967162
113219.01128707,9.9999999321199e-05,0.067912918862833,-2.3534942788359e-34,-7.5558476339002e-27,-2.0079313061357e-34,5.6304652543279e-27,6.5535999555141,4450.7410505947
135863.81354448,9.9999999255267e-05,0.074503256972437,-2.4036545111811e-34,-6.0048073081292e-27,-2.0365848425546e-34,4.4746772612106e-27,6.5535999511932,4882.6454489456
163037.57625338,9.9999999193301e-05,0.080689779373843,-2.4499104510351e-34,-4.5483147142252e-27,-1.9890054137205e-34,3.389111853571e-27,6.5535999471322,5288.0853810442
195646.09150405,9.9999999138026e-05,0.086217920767385,-2.3596485025933e-34,-3.2466767243959e-27,-2.0406876583928e-34,2.4192972725525e-27,6.5535999435097,5650.3776554114
234776.30980486,9.9999999091355e-05,0.090870739070951,-2.3919416337073e-34,-2.1511584763381e-27,-2.0954801021683e-34,1.6029064130152e-27,6.553599940451,5955.3047557538
281732.57176583,9.9999999054813e-05,0.094509537008672,-2.3766553359874e-34,-1.2941490598346e-27,-2.0324158522673e-34,9.6413210124964e-28,6.5535999380562,6193.7770174003
338080.086119,9.9999999028987e-05,0.097105876542229,-2.4269479172306e-34,-6.8238386404136e-28,-2.0692750203627e-34,5.0817991037021e-28,6.5535999363637,6363.9307250715
405697.1033428,9.9999999012371e-05,0.098751672747292,-2.3583911880622e-34,-2.9445759388734e-28,-2.0365848425546e-34,2.19065447748e-28,6.5535999352747,6471.7896251665
486837.52401136,9.9999999003491e-05,0.099638508073641,-2.4324403964979e-34,-8.5390733112894e-29,-2.0919728563711e-34,6.325564123064e-29,6.5535999346928,6529.9092651141
584206.02881363,9.9999998999882e-05,0.10000865522397,-2.4662555399391e-34,1.8542364367026e-30,-2.0044902347875e-34,-1.7593077602379e-30,6.5535999344562,6554.1672287583
701048.23457636,9.9999998998997e-05,0.10009420222735,-2.3814198963157e-34,2.1997919978645e-29,-2.1034872104978e-34,-1.677720869132e-29,6.5535999343983,6559.7736371713
841258.88149163,9.9999998999421e-05,0.10006838815485,-2.4574543382215e-34,1.5888054489665e-29,-2.0607385164411e-34,-1.2221628331761e-29,6.553599934426,6558.0818861163
1009511.65779,9.9999998999682e-05,0.10002750715761,-2.3217305433138e-34,6.2345961726607e-30,-2.0755615930181e-34,-5.0283196118169e-30,6.5535999344432,6555.4027090809
1211414.9893479,9.9999998999891e-05,0.10000441874757,-2.3967061940356e-34,7.8820142686981e-31,-2.059679725257e-34,-9.7076074392563e-31,6.5535999344569,6553.889587041
1453698.9872175,9.9999998999932e-05,0.09999791198362,-2.3986914275058e-34,-7.3633590544353e-31,-2.0774806520392e-34,1.6481905900853e-31,6.5535999344596,6553.4631597585
1744439.784661,9.9999998999932e-05,0.09999791198362,-2.3986914275058e-34,-7.3633590544353e-31,-2.0774806520392e-34,1.6481905900853e-31,6.5535999344596,6553.4631597585
2093328.7415933,9.9999998999932e-05,0.09999791198362,-2.3986914275058e-34,-7.3633590544353e-31,-2.0774806520392e-34,1.6481905900853e-31,6.5535999344596,6553.4631597585
2511995.4899119,9.9999998999932e-05,0.09999791198362,-2.3986914275058e-34,-7.3633590544353e-31,-2.0774806520392e-34,1.6481905900853e-31,6.5535999344596,6553.4631597585
3014395.5878943,9.9999998999932e-05,0.09999791198362,-2.3986914275058e-34,-7.3633590544353e-31,-2.0774806520392e-34,1.6481905900853e-31,6.5535999344596,6553.4631597585
3617275.7054731,9.9999998999932e-05,0.09999791198362,-2.3986914275058e-34,-7.3633590544353e-31,-2.0774806520392e-34,1.6481905900853e-31,6.5535999344596,6553.4631597585
4340731.8465678,9.9999998999932e-05,0.09999791198362,-2.3986914275058e-34,-7.3633590544353e-31,-2.0774806520392e-34,1.6481905900853e-31,6.5535999344596,6553.4631597585
5208879.2158813,9.9999998999932e-05,0.09999791198362,-2.3986914275058e-34,-7.3633590544353e-31,-2.0774806520392e-34,1.6481905900853e-31,6.5535999344596,6553.4631597585
6250656.0590576,9.9999998999932e-05,0.09999791198362,-2.3986914275058e-34,-7.3633590544353e-31,-2.0774806520392e-34,1.6481905900853e-31,6.5535999344596,6553.4631597585
7500788.2708691,9.9999998999932e-05,0.09999791198362,-2.3986914275058e-34,-7.3633590544353e-31,-2.0774806520392e-34,1.6481905900853e-31,6.5535999344596,6553.4631597585
9000946.9250429,9.9999998999932e-05,0.09999791198362,-2.3986914275058e-34,-7.3633590544353e-31,-2.0774806520392e-34,1.6481905900853e-31,6.5535999344596,6553.4631597585
10801137.310052,9.9999998999932e-05,0.09999791198362,-2.3986914275058e-34,-7.3633590544353e-31,-2.0774806520392e-34,1.6481905900853e-31,6.5535999344596,6553.4631597585
12961365.772062,9.9999998999932e-05,0.09999791198362,-2.3986914275058e-34,-7.3633590544353e-31,-2.0774806520392e-34,1.6481905900853e-31,6.5535999344596,6553.4631597585
15553639.926474,9.9999998999932e-05,0.09999791198362,-2.3986914275058e-34,-7.3633590544353e-31,-2.0774806520392e-34,1.6481905900853e-31,6.5535999344596,6553.4631597585
18664368.911769,9.9999998999932e-05,0.09999791198362,-2.3986914275058e-34,-7.3633590544353e-31,-2.0774806520392e-34,1.6481905900853e-31,6.5535999344596,6553.4631597585
22397243.694123,9.9999998999932e-05,0.09999791198362,-2.3986914275058e-34,-7.3633590544353e-31,-2.0774806520392e-34,1.6481905900853e-31,6.5535999344596,6553.4631597585
26876693.432947,9.9999998999932e-05,0.09999791198362,-2.3986914275058e-34,-7.3633590544353e-31,-2.0774806520392e-34,1.6481905900853e-31,6.5535999344596,6553.4631597585
32252033.119537,9.9999998999932e-05,0.09999791198362,-2.3986914275058e-34,-7.3633590544353e-31,-2.0774806520392e-34,1.6481905900853e-31,6.5535999344596,6553.4631597585
38702440.743444,9.9999998999932e-05,0.09999791198362,-2.3986914275058e-34,-7.3633590544353e-31,-2.0774806520392e-34,1.6481905900853e-31,6.5535999344596,6553.4631597585
46442929.892133,9.9999998999932e-05,0.09999791198362,-2.3986914275058e-34,-7.3633590544353e-31,-2.0774806520392e-34,1.6481905900853e-31,6.5535999344596,6553.4631597585
55731516.87056,9.9999998999932e-05,0.09999791198362,-2.3986914275058e-34,-7.3633590544353e-31,-2.0774806520392e-34,1.6481905900853e-31,6.5535999344596,6553.4631597585
66877821.244672,9.9999998999932e-05,0.09999791198362,-2.3986914275058e-34,-7.3633590544353e-31,-2.0774806520392e-34,1.6481905900853e-31,6.5535999344596,6553.4631597585
80253386.493606,9.9999998999932e-05,0.09999791198362,-2.3986914275058e-34,-7.3633590544353e-31,-2.0774806520392e-34,1.6481905900853e-31,6.5535999344596,6553.4631597585
96304064.792327,9.9999998999932e-05,0.09999791198362,-2.3986914275058e-34,-7.3633590544353e-31,-2.0774806520392e-34,1.6481905900853e-31,6.5535999344596,6553.4631597585
115564878.75079,9.9999998999932e-05,0.09999791198362,-2.3986914275058e-34,-7.3633590544353e-31,-2.0774806520392e-34,1.6481905900853e-31,6.5535999344596,6553.4631597585
138677855.50095,9.9999998999932e-05,0.09999791198362,-2.3986914275058e-34,-7.3633590544353e-31,-2.0774806520392e-34,1.6481905900853e-31,6.5535999344596,6553.4631597585
166413427.60114,9.9999998999932e-05,0.09999791198362,-2.3986914275058e-34,-7.3633590544353e-31,-2.0774806520392e-34,1.6481905900853e-31,6.5535999344596,6553.4631597585
199696114.12137,9.9999998999932e-05,0.09999791198362,-2.3986914275058e-34,-7.3633590544353e-31,-2.0774806520392e-34,1.6481905900853e-31,6.5535999344596,6553.4631597585
239635337.94564,9.9999998999932e-05,0.09999791198362,-2.3986914275058e-34,-7.3633590544353e-31,-2.0774806520392e-34,1.6481905900853e-31,6.5535999344596,6553.4631597585
287562406.53477,9.9999998999932e-05,0.09999791198362,-2.3986914275058e-34,-7.3633590544353e-31,-2.0774806520392e-34,1.6481905900853e-31,6.5535999344596,6553.4631597585
345074888.84173,9.9999998999932e-05,0.09999791198362,-2.3986914275058e-34,-7.3633590544353e-31,-2.0774806520392e-34,1.6481905900853e-31,6.5535999344596,6553.4631597585
414089867.61007,9.9999998999932e-05,0.09999791198362,-2.3986914275058e-34,-7.3633590544353e-31,-2.0774806520392e-34,1.6481905900853e-31,6.5535999344596,6553.4631597585
496907842.13209,9.9999998999932e-05,0.09999791198362,-2.3986914275058e-34,-7.3633590544353e-31,-2.0774806520392e-34,1.6481905900853e-31,6.5535999344596,6553.4631597585
596289411.5585,9.9999998999932e-05,0.09999791198362,-2.3986914275058e-34,-7.3633590544353e-31,-2.0774806520392e-34,1.6481905900853e-31,6.5535999344596,6553.4631597585
715547294.8702,9.9999998999932e-05,0.09999791198362,-2.3986914275058e-34,-7.3633590544353e-31,-2.0774806520392e-34,1.6481905900853e-31,6.5535999344596,6553.4631597585
858656754.84424,9.9999998999932e-05,0.09999791198362,-2.3986914275058e-34,-7.3633590544353e-31,-2.0774806520392e-34,1.6481905900853e-31,6.5535999344596,6553.4631597585
1030388106.8131,9.9999998999932e-05,0.09999791198362,-2.3986914275058e-34,-7.3633590544353e-31,-2.0774806520392e-34,1.6481905900853e-31,6.5535999344596,6553.4631597585
1236465729.1757,9.9999998999932e-05,0.09999791198362,-2.3986914275058e-34,-7.3633590544353e-31,-2.0774806520392e-34,1.6481905900853e-31,6.5535999344596,6553.4631597585
1483758876.0109,9.9999998999932e-05,0.09999791198362,-2.3986914275058e-34,-7.3633590544353e-31,-2.0774806520392e-34,1.6481905900853e-31,6.5535999344596,6553.4631597585
1780510652.213,9.9999998999932e-05,0.09999791198362,-2.3986914275058e-34,-7.3633590544353e-31,-2.0774806520392e-34,1.6481905900853e-31,6.5535999344596,6553.4631597585
2136612783.6556,9.9999998999932e-05,0.09999791198362,-2.3986914275058e-34,-7.3633590544353e-31,-2.0774806520392e-34,1.6481905900853e-31,6.5535999344596,6553.4631597585
2563935341.3868,9.9999998999932e-05,0.09999791198362,-2.3986914275058e-34,-7.3633590544353e-31,-2.0774806520392e-34,1.6481905900853e-31,6.5535999344596,6553.4631597585
3076722410.6641,9.9999998999932e-05,0.09999791198362,-2.3986914275058e-34,-7.3633590544353e-31,-2.0774806520392e-34,1.6481905900853e-31,6.5535999344596,6553.4631597585
3692066893.7969,9.9999998999932e-05,0.09999791198362,-2.3986914275058e-34,-7.3633590544353e-31,-2.0774806520392e-34,1.6481905900853e-31,6.5535999344596,6553.4631597585
4430480273.5563,9.9999998999932e-05,0.09999791198362,-2.3986914275058e-34,-7.3633590544353e-31,-2.0774806520392e-34,1.6481905900853e-31,6.5535999344596,6553.4631597585
5316576329.2676,9.9999998999932e-05,0.09999791198362,-2.3986914275058e-34,-7.3633590544353e-31,-2.0774806520392e-34,1.6481905900853e-31,6.5535999344596,6553.4631597585
6379891596.1211,9.9999998999932e-05,0.09999791198362,-2.3986914275058e-34,-7.3633590544353e-31,-2.0774806520392e-34,1.6481905900853e-31,6.5535999344596,6553.4631597585
7655869916.3453,9.9999998999932e-05,0.09999791198362,-2.3986914275058e-34,-7.3633590544353e-31,-2.0774806520392e-34,1.6481905900853e-31,6.5535999344596,6553.4631597585
9187043900.6144,9.9999998999932e-05,0.09999791198362,-2.3986914275058e-34,-7.3633590544353e-31,-2.0774806520392e-34,1.6481905900853e-31,6.5535999344596,6553.4631597585
11024452681.737,9.9999998999932e-05,0.09999791198362,-2.3986914275058e-34,-7.3633590544353e-31,-2.0774806520392e-34,1.6481905900853e-31,6.5535999344596,6553.4631597585
13229343219.085,9.9999998999932e-05,0.09999791198362,-2.3986914275058e-34,-7.3633590544353e-31,-2.0774806520392e-34,1.6481905900853e-31,6.5535999344596,6553.4631597585
15875211863.902,9.9999998999932e-05,0.09999791198362,-2.3986914275058e-34,-7.3633590544353e-31,-2.0774806520392e-34,1.6481905900853e-31,6.5535999344596,6553.4631597585
19050254237.682,9.9999998999932e-05,0.09999791198362,-2.3986914275058e-34,-7.3633590544353e-31,-2.0774806520392e-34,1.6481905900853e-31,6.5535999344596,6553.4631597585
22860305086.218,9.9999998999932e-05,0.09999791198362,-2.3986914275058e-34,-7.3633590544353e-31,-2.0774806520392e-34,1.6481905900853e-31,6.5535999344596,6553.4631597585
27432366104.462,9.9999998999932e-05,0.09999791198362,-2.3986914275058e-34,-7.3633590544353e-31,-2.0774806520392e-34,1.6481905900853e-31,6.5535999344596,6553.4631597585
32918839326.354,9.9999998999932e-05,0.09999791198362,-2.3986914275058e-34,-7.3633590544353e-31,-2.0774806520392e-34,1.6481905900853e-31,6.5535999344596,6553.4631597585
39502607192.625,9.9999998999932e-05,0.09999791198362,-2.3986914275058e-34,-7.3633590544353e-31,-2.0774806520392e-34,1.6481905900853e-31,6.5535999344596,6553.4631597585
47403128632.15,9.9999998999932e-05,0.09999791198362,-2.3986914275058e-34,-7.3633590544353e-31,-2.0774806520392e-34,1.6481905900853e-31,6.5535999344596,6553.4631597585
56883754359.58,9.9999998999932e-05,0.09999791198362,-2.3986914275058e-34,-7.3633590544353e-31,-2.0774806520392e-34,1.6481905900853e-31,6.5535999344596,6553.4631597585
68260505232.496,9.9999998999932e-05,0.09999791198362,-2.3986914275058e-34,-7.3633590544353e-31,-2.0774806520392e-34,1.6481905900853e-31,6.5535999344596,6553.4631597585
81912606279.996,9.9999998999932e-05,0.09999791198362,-2.3986914275058e-34,-7.3633590544353e-31,-2.0774806520392e-34,1.6481905900853e-31,6.5535999344596,6553.4631597585
98295127536.995,9.9999998999932e-05,0.09999791198362,-2.3986914275058e-34,-7.3633590544353e-31,-2.0774806520392e-34,1.6481905900853e-31,6.5535999344596,6553.4631597585
117954153045.39,9.9999998999932e-05,0.09999791198362,-2.3986914275058e-34,-7.3633590544353e-31,-2.0774806520392e-34,1.6481905900853e-31,6.5535999344596,6553.4631597585
141544983655.47,9.9999998999932e-05,0.09999791198362,-2.3986914275058e-34,-7.3633590544353e-31,-2.0774806520392e-34,1.6481905900853e-31,6.5535999344596,6553.4631597585
169853980387.57,9.9999998999932e-05,0.09999791198362,-2.3986914275058e-34,-7.3633590544353e-31,-2.0774806520392e-34,1.6481905900853e-31,6.5535999344596,6553.4631597585
203824776466.08,9.9999998999932e-05,0.09999791198362,-2.3986914275058e-34,-7.3633590544353e-31,-2.0774806520392e-34,1.6481905900853e-31,6.5535999344596,6553.4631597585
244589731760.3,9.9999998999932e-05,0.09999791198362,-2.3986914275058e-34,-7.3633590544353e-31,-2.0774806520392e-34,1.6481905900853e-31,6.5535999344596,6553.4631597585
293507678113.36,9.9999998999932e-05,0.09999791198362,-2.3986914275058e-34,-7.3633590544353e-31,-2.0774806520392e-34,1.6481905900853e-31,6.5535999344596,6553.4631597585
352209213737.03,9.9999998999932e-05,0.09999791198362,-2.3986914275058e-34,-7.3633590544353e-31,-2.0774806520392e-34,1.6481905900853e-31,6.5535999344596,6553.4631597585
422651056485.43,9.9999998999932e-05,0.09999791198362,-2.3986914275058e-34,-7.3633590544353e-31,-2.0774806520392e-34,1.6481905900853e-31,6.5535999344596,6553.4631597585
507181267783.52,9.9999998999932e-05,0.09999791198362,-2.3986914275058e-34,-7.3633590544353e-31,-2.0774806520392e-34,1.6481905900853e-31,6.5535999344596,6553.4631597585
608617521341.22,9.9999998999932e-05,0.09999791198362,-2.3986914275058e-34,-7.3633590544353e-31,-2.0774806520392e-34,1.6481905900853e-31,6.5535999344596,6553.4631597585
730341025610.47,9.9999998999932e-05,0.09999791198362,-2.3986914275058e-34,-7.3633590544353e-31,-2.0774806520392e-34,1.6481905900853e-31,6.5535999344596,6553.4631597585
876409230733.56,9.9999998999932e-05,0.09999791198362,-2.3986914275058e-34,-7.3633590544353e-31,-2.0774806520392e-34,1.6481905900853e-31,6.5535999344596,6553.4631597585
1051691076881.3,9.9999998999932e-05,0.09999791198362,-2.3986914275058e-34,-7.3633590544353e-31,-2.0774806520392e-34,1.6481905900853e-31,6.5535999344596,6553.4631597585
1262029292258.5,9.9999998999932e-05,0.09999791198362,-2.3986914275058e-34,-7.3633590544353e-31,-2.0774806520392e-34,1.6481905900853e-31,6.5535999344596,6553.4631597585
1514435150711.2,9.9999998999932e-05,0.09999791198362,-2.3986914275058e-34,-7.3633590544353e-31,-2.0774806520392e-34,1.6481905900853e-31,6.5535999344596,6553.4631597585
1817322180854.5,9.9999998999932e-05,0.09999791198362,-2.3986914275058e-34,-7.3633590544353e-31,-2.0774806520392e-34,1.6481905900853e-31,6.5535999344596,6553.4631597585
2180786617026.4,9.9999998999932e-05,0.09999791198362,-2.3986914275058e-34,-7.3633590544353e-31,-2.0774806520392e-34,1.6481905900853e-31,6.5535999344596,6553.4631597585
2616943940432.7,9.9999998999932e-05,0.09999791198362,-2.3986914275058e-34,-7.3633590544353e-31,-2.0774806520392e-34,1.6481905900853e-31,6.5535999344596,6553.4631597585
3140332728520.2,9.9999998999932e-05,0.09999791198362,-2.3986914275058e-34,-7.3633590544353e-31,-2.0774806520392e-34,1.6481905900853e-31,6.5535999344596,6553.4631597585
3768399274225.2,9.9999998999932e-05,0.09999791198362,-2.3986914275058e-34,-7.3633590544353e-31,-2.0774806520392e-34,1.6481905900853e-31,6.5535999344596,6553.4631597585
4522079129071.3,9.9999998999932e-05,0.09999791198362,-2.3986914275058e-34,-7.3633590544353e-31,-2.0774806520392e-34,1.6481905900853e-31,6.5535999344596,6553.4631597585
5426494954886.5,9.9999998999932e-05,0.09999791198362,-2.3986914275058e-34,-7.3633590544353e-31,-2.0774806520392e-34,1.6481905900853e-31,6.5535999344596,6553.4631597585
6511793945864.8,9.9999998999932e-05,0.09999791198362,-2.3986914275058e-34,-7.3633590544353e-31,-2.0774806520392e-34,1.6481905900853e-31,6.5535999344596,6553.4631597585
7814152735038.8,9.9999998999932e-05,0.09999791198362,-2.3986914275058e-34,-7.3633590544353e-31,-2.0774806520392e-34,1.6481905900853e-31,6.5535999344596,6553.4631597585
9376983282047.5,9.9999998999932e-05,0.09999791198362,-2.3986914275058e-34,-7.3633590544353e-31,-2.0774806520392e-34,1.6481905900853e-31,6.5535999344596,6553.4631597585
11252379938458,9.9999998999932e-05,0.09999791198362,-2.3986914275058e-34,-7.3633590544353e-31,-2.0774806520392e-34,1.6481905900853e-31,6.5535999344596,6553.4631597585
13502855926151,9.9999998999932e-05,0.09999791198362,-2.3986914275058e-34,-7.3633590544353e-31,-2.0774806520392e-34,1.6481905900853e-31,6.5535999344596,6553.4631597585
16203427111382,9.9999998999932e-05,0.09999791198362,-2.3986914275058e-34,-7.3633590544353e-31,-2.0774806520392e-34,1.6481905900853e-31,6.5535999344596,6553.4631597585
19444112533659,9.9999998999932e-05,0.09999791198362,-2.3986914275058e-34,-7.3633590544353e-31,-2.0774806520392e-34,1.6481905900853e-31,6.5535999344596,6553.4631597585
23332935040392,9.9999998999932e-05,0.09999791198362,-2.3986914275058e-34,-7.3633590544353e-31,-2.0774806520392e-34,1.6481905900853e-31,6.5535999344596,6553.4631597585
27999522048471,9.9999998999932e-05,0.09999791198362,-2.3986914275058e-34,-7.3633590544353e-31,-2.0774806520392e-34,1.6481905900853e-31,6.5535999344596,6553.4631597585
33599426458167,9.9999998999932e-05,0.09999791198362,-2.3986914275058e-34,-7.3633590544353e-31,-2.0774806520392e-34,1.6481905900853e-31,6.5535999344596,6553.4631597585
40319311749801,9.9999998999932e-05,0.09999791198362,-2.3986914275058e-34,-7.3633590544353e-31,-2.0774806520392e-34,1.6481905900853e-31,6.5535999344596,6553.4631597585
48383174099762,9.9999998999932e-05,0.09999791198362,-2.3986914275058e-34,-7.3633590544353e-31,-2.0774806520392e-34,1.6481905900853e-31,6.5535999344596,6553.4631597585
58059808919716,9.9999998999932e-05,0.09999791198362,-2.3986914275058e-34,-7.3633590544353e-31,-2.0774806520392e-34,1.6481905900853e-31,6.5535999344596,6553.4631597585
69671770703660,9.9999998999932e-05,0.09999791198362,-2.3986914275058e-34,-7.3633590544353e-31,-2.0774806520392e-34,1.6481905900853e-31,6.5535999344596,6553.4631597585
83606124844393,9.9999998999932e-05,0.09999791198362,-2.3986914275058e-34,-7.3633590544353e-31,-2.0774806520392e-34,1.6481905900853e-31,6.5535999344596,6553.4631597585
1.0032734981327e+14,9.9999998999932e-05,0.09999791198362,-2.3986914275058e-34,-7.3633590544353e-31,-2.0774806520392e-34,1.6481905900853e-31,6.5535999344596,6553.4631597585
1.2039281977593e+14,9.9999998999932e-05,0.09999791198362,-2.3986914275058e-34,-7.3633590544353e-31,-2.0774806520392e-34,1.6481905900853e-31,6.5535999344596,6553.4631597585
1.4447138373111e+14,9.9999998999932e-05,0.09999791198362,-2.3986914275058e-34,-7.3633590544353e-31,-2.0774806520392e-34,1.6481905900853e-31,6.5535999344596,6553.4631597585
1.7336566047734e+14,9.9999998999932e-05,0.09999791198362,-2.3986914275058e-34,-7.3633590544353e-31,-2.0774806520392e-34,1.6481905900853e-31,6.5535999344596,6553.4631597585
2.0803879257281e+14,9.9999998999932e-05,0.09999791198362,-2.3986914275058e-34,-7.3633590544353e-31,-2.0774806520392e-34,1.6481905900853e-31,6.5535999344596,6553.4631597585
2.4964655108737e+14,9.9999998999932e-05,0.09999791198362,-2.3986914275058e-34,-7.3633590544353e-31,-2.0774806520392e-34,1.6481905900853e-31,6.5535999344596,6553.4631597585
2.9957586130484e+14,9.9999998999932e-05,0.09999791198362,-2.3986914275058e-34,-7.3633590544353e-31,-2.0774806520392e-34,1.6481905900853e-31,6.5535999344596,6553.4631597585
3.5949103356581e+14,9.9999998999932e-05,0.09999791198362,-2.3986914275058e-34,-7.3633590544353e-31,-2.0774806520392e-34,1.6481905900853e-31,6.5535999344596,6553.4631597585
4.3138924027898e+14,9.9999998999932e-05,0.09999791198362,-2.3986914275058e-34,-7.3633590544353e-31,-2.0774806520392e-34,1.6481905900853e-31,6.5535999344596,6553.4631597585
5.1766708833477e+14,9.9999998999932e-05,0.09999791198362,-2.3986914275058e-34,-7.3633590544353e-31,-2.0774806520392e-34,1.6481905900853e-31,6.5535999344596,6553.4631597585
6.2120050600173e+14,9.9999998999932e-05,0.09999791198362,-2.3986914275058e-34,-7.3633590544353e-31,-2.0774806520392e-34,1.6481905900853e-31,6.5535999344596,6553.4631597585
7.4544060720207e+14,9.9999998999932e-05,0.09999791198362,-2.3986914275058e-34,-7.3633590544353e-31,-2.0774806520392e-34,1.6481905900853e-31,6.5535999344596,6553.4631597585
8.9452872864249e+14,9.9999998999932e-05,0.09999791198362,-2.3986914275058e-34,-7.3633590544353e-31,-2.0774806520392e-34,1.6481905900853e-31,6.5535999344596,6553.4631597585
1.073434474371e+15,9.9999998999932e-05,0.09999791198362,-2.3986914275058e-34,-7.3633590544353e-31,-2.0774806520392e-34,1.6481905900853e-31,6.5535999344596,6553.4631597585
1.2881213692452e+15,9.9999998999932e-05,0.09999791198362,-2.3986914275058e-34,-7.3633590544353e-31,-2.0774806520392e-34,1.6481905900853e-31,6.5535999344596,6553.4631597585
1.5457456430942e+15,9.9999998999932e-05,0.09999791198362,-2.3986914275058e-34,-7.3633590544353e-31,-2.0774806520392e-34,1.6481905900853e-31,6.5535999344596,6553.4631597585
1.8548947717131e+15,9.9999998999932e-05,0.09999791198362,-2.3986914275058e-34,-7.3633590544353e-31,-2.0774806520392e-34,1.6481905900853e-31,6.5535999344596,6553.4631597585
2.2258737260557e+15,9.9999998999932e-05,0.09999791198362,-2.3986914275058e-34,-7.3633590544353e-31,-2.0774806520392e-34,1.6481905900853e-31,6.5535999344596,6553.4631597585
2.6710484712668e+15,9.9999998999932e-05,0.09999791198362,-2.3986914275058e-34,-7.3633590544353e-31,-2.0774806520392e-34,1.6481905900853e-31,6.5535999344596,6553.4631597585
3.2052581655202e+15,9.9999998999932e-05,0.09999791198362,-2.3986914275058e-34,-7.3633590544353e-31,-2.0774806520392e-34,1.6481905900853e-31,6.5535999344596,6553.4631597585
3.8463097986242e+15,9.9999998999932e-05,0.09999791198362,-2.3986914275058e-34,-7.3633590544353e-31,-2.0774806520392e-34,1.6481905900853e-31,6.5535999344596,6553.4631597585
4.6155717583491e+15,9.9999998999932e-05,0.09999791198362,-2.3986914275058e-34,-7.3633590544353e-31,-2.0774806520392e-34,1.6481905900853e-31,6.5535999344596,6553.4631597585
5.5386861100189e+15,9.9999998999932e-05,0.09999791198362,-2.3986914275058e-34,-7.3633590544353e-31,-2.0774806520392e-34,1.6481905900853e-31,6.5535999344596,6553.4631597585
6.6464233320227e+15,9.9999998999932e-05,0.09999791198362,-2.3986914275058e-34,-7.3633590544353e-31,-2.0774806520392e-34,1.6481905900853e-31,6.5535999344596,6553.4631597585
7.9757079984272e+15,9.9999998999932e-05,0.09999791198362,-2.3986914275058e-34,-7.3633590544353e-31,-2.0774806520392e-34,1.6481905900853e-31,6.5535999344596,6553.4631597585
9.5708495981127e+15,9.9999998999932e-05,0.09999791198362,-2.3986914275058e-34,-7.3633590544353e-31,-2.0774806520392e-34,1.6481905900853e-31,6.5535999344596,6553.4631597585
1.1485019517735e+16,9.9999998999932e-05,0.09999791198362,-2.3986914275058e-34,-7.3633590544353e-31,-2.0774806520392e-34,1.6481905900853e-31,6.5535999344596,6553.4631597585
1.3782023421282e+16,9.9999998999932e-05,0.09999791198362,-2.3986914275058e-34,-7.3633590544353e-31,-2.0774806520392e-34,1.6481905900853e-31,6.5535999344596,6553.4631597585
1.6538428105539e+16,9.9999998999932e-05,0.09999791198362,-2.3986914275058e-34,-7.3633590544353e-31,-2.0774806520392e-34,1.6481905900853e-31,6.5535999344596,6553.4631597585
1.9846113726646e+16,9.9999998999932e-05,0.09999791198362,-2.3986914275058e-34,-7.3633590544353e-31,-2.0774806520392e-34,1.6481905900853e-31,6.5535999344596,6553.4631597585
2.3815336471976e+16,9.9999998999932e-05,0.09999791198362,-2.3986914275058e-34,-7.3633590544353e-31,-2.0774806520392e-34,1.6481905900853e-31,6.5535999344596,6553.4631597585
2.8578403766371e+16,9.9999998999932e-05,0.09999791198362,-2.3986914275058e-34,-7.3633590544353e-31,-2.0774806520392e-34,1.6481905900853e-31,6.5535999344596,6553.4631597585
3.4294084519645e+16,9.9999998999932e-05,0.09999791198362,-2.3986914275058e-34,-7.3633590544353e-31,-2.0774806520392e-34,1.6481905900853e-31,6.5535999344596,6553.4631597585
4.1152901423574e+16,9.9999998999932e-05,0.09999791198362,-2.3986914275058e-34,-7.3633590544353e-31,-2.0774806520392e-34,1.6481905900853e-31,6.5535999344596,6553.4631597585
4.9383481708289e+16,9.9999998999932e-05,0.09999791198362,-2.3986914275058e-34,-7.3633590544353e-31,-2.0774806520392e-34,1.6481905900853e-31,6.5535999344596,6553.4631597585
5.9260178049947e+16,9.9999998999932e-05,0.09999791198362,-2.3986914275058e-34,-7.3633590544353e-31,-2.0774806520392e-34,1.6481905900853e-31,6.5535999344596,6553.4631597585
7.1112213659936e+16,9.9999998999932e-05,0.09999791198362,-2.3986914275058e-34,-7.3633590544353e-31,-2.0774806520392e-34,1.6481905900853e-31,6.5535999344596,6553.4631597585
8.5334656391923e+16,9.9999998999932e-05,0.09999791198362,-2.3986914275058e-34,-7.3633590544353e-31,-2.0774806520392e-34,1.6481905900853e-31,6.5535999344596,6553.4631597585
1.0240158767031e+17,9.9999998999932e-05,0.09999791198362,-2.3986914275058e-34,-7.3633590544353e-31,-2.0774806520392e-34,1.6481905900853e-31,6.5535999344596,6553.4631597585
1.2288190520437e+17,9.9999998999932e-05,0.09999791198362,-2.3986914275058e-34,-7.3633590544353e-31,-2.0774806520392e-34,1.6481905900853e-31,6.5535999344596,6553.4631597585
1.4745828624524e+17,9.9999998999932e-05,0.09999791198362,-2.3986914275058e-34,-7.3633590544353e-31,-2.0774806520392e-34,1.6481905900853e-31,6.5535999344596,6553.4631597585
1.7694994349429e+17,9.9999998999932e-05,0.09999791198362,-2.3986914275058e-34,-7.3633590544353e-31,-2.0774806520392e-34,1.6481905900853e-31,6.5535999344596,6553.4631597585
2.1233993219315e+17,9.9999998999932e-05,0.09999791198362,-2.3986914275058e-34,-7.3633590544353e-31,-2.0774806520392e-34,1.6481905900853e-31,6.5535999344596,6553.4631597585
2.5480791863178e+17,9.9999998999932e-05,0.09999791198362,-2.3986914275058e-34,-7.3633590544353e-31,-2.0774806520392e-34,1.6481905900853e-31,6.5535999344596,6553.4631597585
3.0576950235814e+17,9.9999998999932e-05,0.09999791198362,-2.3986914275058e-34,-7.3633590544353e-31,-2.0774806520392e-34,1.6481905900853e-31,6.5535999344596,6553.4631597585
3.6692340282976e+17,9.9999998999932e-05,0.09999791198362,-2.3986914275058e-34,-7.3633590544353e-31,-2.0774806520392e-34,1.6481905900853e-31,6.5535999344596,6553.4631597585
4.4030808339572e+17,9.9999998999932e-05,0.09999791198362,-2.3986914275058e-34,-7.3633590544353e-31,-2.0774806520392e-34,1.6481905900853e-31,6.5535999344596,6553.4631597585
5.2836970007486e+17,9.9999998999932e-05,0.09999791198362,-2.3986914275058e-34,-7.3633590544353e-31,-2.0774806520392e-34,1.6481905900853e-31,6.5535999344596,6553.4631597585
6.3404364008983e+17,9.9999998999932e-05,0.09999791198362,-2.3986914275058e-34,-7.3633590544353e-31,-2.0774806520392e-34,1.6481905900853e-31,6.5535999344596,6553.4631597585
7.608523681078e+17,9.9999998999932e-05,0.09999791198362,-2.3986914275058e-34,-7.3633590544353e-31,-2.0774806520392e-34,1.6481905900853e-31,6.5535999344596,6553.4631597585
9.1302284172936e+17,9.9999998999932e-05,0.09999791198362,-2.3986914275058e-34,-7.3633590544353e-31,-2.0774806520392e-34,1.6481905900853e-31,6.5535999344596,6553.4631597585
1.0956274100752e+18,9.9999998999932e-05,0.09999791198362,-2.3986914275058e-34,-7.3633590544353e-31,-2.0774806520392e-34,1.6481905900853e-31,6.5535999344596,6553.4631597585
1.3147528920903e+18,9.9999998999932e-05,0.09999791198362,-2.3986914275058e-34,-7.3633590544353e-31,-2.0774806520392e-34,1.6481905900853e-31,6.5535999344596,6553.4631597585
1.5777034705083e+18,9.9999998999932e-05,0.09999791198362,-2.3986914275058e-34,-7.3633590544353e-31,-2.0774806520392e-34,1.6481905900853e-31,6.5535999344596,6553.4631597585
1.89324416461e+18,9.9999998999932e-05,0.09999791198362,-2.3986914275058e-34,-7.3633590544353e-31,-2.0774806520392e-34,1.6481905900853e-31,6.5535999344596,6553.4631597585
2.271892997532e+18,9.9999998999932e-05,0.09999791198362,-2.3986914275058e-34,-7.3633590544353e-31,-2.0774806520392e-34,1.6481905900853e-31,6.5535999344596,6553.4631597585
2.7262715970384e+18,9.9999998999932e-05,0.09999791198362,-2.3986914275058e-34,-7.3633590544353e-31,-2.0774806520392e-34,1.6481905900853e-31,6.5535999344596,6553.4631597585
3.2715259164461e+18,9.9999998999932e-05,0.09999791198362,-2.3986914275058e-34,-7.3633590544353e-31,-2.0774806520392e-34,1.6481905900853e-31,6.5535999344596,6553.4631597585
3.9258310997353e+18,9.9999998999932e-05,0.09999791198362,-2.3986914275058e-34,-7.3633590544353e-31,-2.0774806520392e-34,1.6481905900853e-31,6.5535999344596,6553.4631597585
4.7109973196823e+18,9.9999998999932e-05,0.09999791198362,-2.3986914275058e-34,-7.3633590544353e-31,-2.0774806520392e-34,1.6481905900853e-31,6.5535999344596,6553.4631597585
5.6531967836188e+18,9.9999998999932e-05,0.09999791198362,-2.3986914275058e-34,-7.3633590544353e-31,-2.0774806520392e-34,1.6481905900853e-31,6.5535999344596,6553.4631597585
6.7838361403426e+18,9.9999998999932e-05,0.09999791198362,-2.3986914275058e-34,-7.3633590544353e-31,-2.0774806520392e-34,1.6481905900853e-31,6.5535999344596,6553.4631597585
8.1406033684111e+18,9.9999998999932e-05,0.09999791198362,-2.3986914275058e-34,-7.3633590544353e-31,-2.0774806520392e-34,1.6481905900853e-31,6.5535999344596,6553.4631597585
9.7687240420933e+18,9.9999998999932e-05,0.09999791198362,-2.3986914275058e-34,-7.3633590544353e-31,-2.0774806520392e-34,1.6481905900853e-31,6.5535999344596,6553.4631597585
1.1722468850512e+19,9.9999998999932e-05,0.09999791198362,-2.3986914275058e-34,-7.3633590544353e-31,-2.0774806520392e-34,1.6481905900853e-31,6.5535999344596,6553.4631597585
1.4066962620614e+19,9.9999998999932e-05,0.09999791198362,-2.3986914275058e-34,-7.3633590544353e-31,-2.0774806520392e-34,1.6481905900853e-31,6.5535999344596,6553.4631597585
1.6880355144737e+19,9.9999998999932e-05,0.09999791198362,-2.3986914275058e-34,-7.3633590544353e-31,-2.0774806520392e-34,1.6481905900853e-31,6.5535999344596,6553.4631597585
2.0256426173685e+19,9.9999998999932e-05,0.09999791198362,-2.3986914275058e-34,-7.3633590544353e-31,-2.0774806520392e-34,1.6481905900853e-31,6.5535999344596,6553.4631597585
2.4307711408422e+19,9.9999998999932e-05,0.09999791198362,-2.3986914275058e-34,-7.3633590544353e-31,-2.0774806520392e-34,1.6481905900853e-31,6.5535999344596,6553.4631597585
2.9169253690106e+19,9.9999998999932e-05,0.09999791198362,-2.3986914275058e-34,-7.3633590544353e-31,-2.0774806520392e-34,1.6481905900853e-31,6.5535999344596,6553.4631597585
3.5003104428127e+19,9.9999998999932e-05,0.09999791198362,-2.3986914275058e-34,-7.3633590544353e-31,-2.0774806520392e-34,1.6481905900853e-31,6.5535999344596,6553.4631597585
4.2003725313752e+19,9.9999998999932e-05,0.09999791198362,-2.3986914275058e-34,-7.3633590544353e-31,-2.0774806520392e-34,1.6481905900853e-31,6.5535999344596,6553.4631597585
5.0404470376503e+19,9.9999998999932e-05,0.09999791198362,-2.3986914275058e-34,-7.3633590544353e-31,-2.0774806520392e-34,1.6481905900853e-31,6.5535999344596,6553.4631597585
6.0485364451804e+19,9.9999998999932e-05,0.09999791198362,-2.3986914275058e-34,-7.3633590544353e-31,-2.0774806520392e-34,1.6481905900853e-31,6.5535999344596,6553.4631597585
7.2582437342164e+19,9.9999998999932e-05,0.09999791198362,-2.3986914275058e-34,-7.3633590544353e-31,-2.0774806520392e-34,1.6481905900853e-31,6.5535999344596,6553.4631597585
8.7098924810597e+19,9.9999998999932e-05,0.09999791198362,-2.3986914275058e-34,-7.3633590544353e-31,-2.0774806520392e-34,1.6481905900853e-31,6.5535999344596,6553.4631597585
1.0451870977272e+20,9.9999998999932e-05,0.09999791198362,-2.3986914275058e-34,-7.3633590544353e-31,-2.0774806520392e-34,1.6481905900853e-31,6.5535999344596,6553.4631597585
1.2542245172726e+20,9.9999998999932e-05,0.09999791198362,-2.3986914275058e-34,-7.3633590544353e-31,-2.0774806520392e-34,1.6481905900853e-31,6.5535999344596,6553.4631597585
1.5050694207271e+20,9.9999998999932e-05,0.09999791198362,-2.3986914275058e-34,-7.3633590544353e-31,-2.0774806520392e-34,1.6481905900853e-31,6.5535999344596,6553.4631597585
1.8060833048725e+20,9.9999998999932e-05,0.09999791198362,-2.3986914275058e-34,-7.3633590544353e-31,-2.0774806520392e-34,1.6481905900853e-31,6.5535999344596,6553.4631597585
2.167299965847e+20,9.9999998999932e-05,0.09999791198362,-2.3986914275058e-34,-7.3633590544353e-31,-2.0774806520392e-34,1.6481905900853e-31,6.5535999344596,6553.4631597585
2.6007599590165e+20,9.9999998999932e-05,0.09999791198362,-2.3986914275058e-34,-7.3633590544353e-31,-2.0774806520392e-34,1.6481905900853e-31,6.5535999344596,6553.4631597585
3.1209119508198e+20,9.9999998999932e-05,0.09999791198362,-2.3986914275058e-34,-7.3633590544353e-31,-2.0774806520392e-34,1.6481905900853e-31,6.5535999344596,6553.4631597585
3.7450943409837e+20,9.9999998999932e-05,0.09999791198362,-2.3986914275058e-34,-7.3633590544353e-31,-2.0774806520392e-34,1.6481905900853e-31,6.5535999344596,6553.4631597585
4.4941132091804e+20,9.9999998999932e-05,0.09999791198362,-2.3986914275058e-34,-7.3633590544353e-31,-2.0774806520392e-34,1.6481905900853e-31,6.5535999344596,6553.4631597585
5.3929358510165e+20,9.9999998999932e-05,0.09999791198362,-2.3986914275058e-34,-7.3633590544353e-31,-2.0774806520392e-34,1.6481905900853e-31,6.5535999344596,6553.4631597585
6.4715230212198e+20,9.9999998999932e-05,0.09999791198362,-2.3986914275058e-34,-7.3633590544353e-31,-2.0774806520392e-34,1.6481905900853e-31,6.5535999344596,6553.4631597585
7.7658276254638e+20,9.9999998999932e-05,0.09999791198362,-2.3986914275058e-34,-7.3633590544353e-31,-2.0774806520392e-34,1.6481905900853e-31,6.5535999344596,6553.4631597585
9.3189931505566e+20,9.9999998999932e-05,0.09999791198362,-2.3986914275058e-34,-7.3633590544353e-31,-2.0774806520392e-34,1.6481905900853e-31,6.5535999344596,6553.4631597585
1.1182791780668e+21,9.9999998999932e-05,0.09999791198362,-2.3986914275058e-34,-7.3633590544353e-31,-2.0774806520392e-34,1.6481905900853e-31,6.5535999344596,6553.4631597585
1.3419350136801e+21,9.9999998999932e-05,0.09999791198362,-2.3986914275058e-34,-7.3633590544353e-31,-2.0774806520392e-34,1.6481905900853e-31,6.5535999344596,6553.4631597585
1.6103220164162e+21,9.9999998999932e-05,0.09999791198362,-2.3986914275058e-34,-7.3633590544353e-31,-2.0774806520392e-34,1.6481905900853e-31,6.5535999344596,6553.4631597585
1.9323864196994e+21,9.9999998999932e-05,0.09999791198362,-2.3986914275058e-34,-7.3633590544353e-31,-2.0774806520392e-34,1.6481905900853e-31,6.5535999344596,6553.4631597585
2.3188637036393e+21,9.9999998999932e-05,0.09999791198362,-2.3986914275058e-34,-7.3633590544353e-31,-2.0774806520392e-34,1.6481905900853e-31,6.5535999344596,6553.4631597585
2.7826364443671e+21,9.9999998999932e-05,0.09999791198362,-2.3986914275058e-34,-7.3633590544353e-31,-2.0774806520392e-34,1.6481905900853e-31,6.5535999344596,6553.4631597585
3.3391637332406e+21,9.9999998999932e-05,0.09999791198362,-2.3986914275058e-34,-7.3633590544353e-31,-2.0774806520392e-34,1.6481905900853e-31,6.5535999344596,6553.4631597585
4.0069964798887e+21,9.9999998999932e-05,0.09999791198362,-2.3986914275058e-34,-7.3633590544353e-31,-2.0774806520392e-34,1.6481905900853e-31,6.5535999344596,6553.4631597585
4.8083957758664e+21,9.9999998999932e-05,0.09999791198362,-2.3986914275058e-34,-7.3633590544353e-31,-2.0774806520392e-34,1.6481905900853e-31,6.5535999344596,6553.4631597585
5.7700749310397e+21,9.9999998999932e-05,0.09999791198362,-2.3986914275058e-34,-7.3633590544353e-31,-2.0774806520392e-34,1.6481905900853e-31,6.5535999344596,6553.4631597585
6.9240899172477e+21,9.9999998999932e-05,0.09999791198362,-2.3986914275058e-34,-7.3633590544353e-31,-2.0774806520392e-34,1.6481905900853e-31,6.5535999344596,6553.4631597585
8.3089079006972e+21,9.9999998999932e-05,0.09999791198362,-2.3986914275058e-34,-7.3633590544353e-31,-2.0774806520392e-34,1.6481905900853e-31,6.5535999344596,6553.4631597585
9.9706894808366e+21,9.9999998999932e-05,0.09999791198362,-2.3986914275058e-34,-7.3633590544353e-31,-2.0774806520392e-34,1.6481905900853e-31,6.5535999344596,6553.4631597585
1.1964827377004e+22,9.9999998999932e-05,0.09999791198362,-2.3986914275058e-34,-7.3633590544353e-31,-2.0774806520392e-34,1.6481905900853e-31,6.5535999344596,6553.4631597585
1.4357792852405e+22,9.9999998999932e-05,0.09999791198362,-2.3986914275058e-34,-7.3633590544353e-31,-2.0774806520392e-34,1.6481905900853e-31,6.5535999344596,6553.4631597585
1.7229351422886e+22,9.9999998999932e-05,0.09999791198362,-2.3986914275058e-34,-7.3633590544353e-31,-2.0774806520392e-34,1.6481905900853e-31,6.5535999344596,6553.4631597585
2.0675221707463e+22,9.9999998999932e-05,0.09999791198362,-2.3986914275058e-34,-7.3633590544353e-31,-2.0774806520392e-34,1.6481905900853e-31,6.5535999344596,6553.4631597585
2.4810266048955e+22,9.9999998999932e-05,0.09999791198362,-2.3986914275058e-34,-7.3633590544353e-31,-2.0774806520392e-34,1.6481905900853e-31,6.5535999344596,6553.4631597585
2.9772319258746e+22,9.9999998999932e-05,0.09999791198362,-2.3986914275058e-34,-7.3633590544353e-31,-2.0774806520392e-34,1.6481905900853e-31,6.5535999344596,6553.4631597585
3.5726783110496e+22,9.9999998999932e-05,0.09999791198362,-2.3986914275058e-34,-7.3633590544353e-31,-2.0774806520392e-34,1.6481905900853e-31,6.5535999344596,6553.4631597585
4.2872139732595e+22,9.9999998999932e-05,0.09999791198362,-2.3986914275058e-34,-7.3633590544353e-31,-2.0774806520392e-34,1.6481905900853e-31,6.5535999344596,6553.4631597585
5.1446567679114e+22,9.9999998999932e-05,0.09999791198362,-2.3986914275058e-34,-7.3633590544353e-31,-2.0774806520392e-34,1.6481905900853e-31,6.5535999344596,6553.4631597585
6.1735881214937e+22,9.9999998999932e-05,0.09999791198362,-2.3986914275058e-34,-7.3633590544353e-31,-2.0774806520392e-34,1.6481905900853e-31,6.5535999344596,6553.4631597585
7.4083057457924e+22,9.9999998999932e-05,0.09999791198362,-2.3986914275058e-34,-7.3633590544353e-31,-2.0774806520392e-34,1.6481905900853e-31,6.5535999344596,6553.4631597585
8.8899668949509e+22,9.9999998999932e-05,0.09999791198362,-2.3986914275058e-34,-7.3633590544353e-31,-2.0774806520392e-34,1.6481905900853e-31,6.5535999344596,6553.4631597585
1.0667960273941e+23,9.9999998999932e-05,0.09999791198362,-2.3986914275058e-34,-7.3633590544353e-31,-2.0774806520392e-34,1.6481905900853e-31,6.5535999344596,6553.4631597585
1.2801552328729e+23,9.9999998999932e-05,0.09999791198362,-2.3986914275058e-34,-7.3633590544353e-31,-2.0774806520392e-34,1.6481905900853e-31,6.5535999344596,6553.4631597585
1.5361862794475e+23,9.9999998999932e-05,0.09999791198362,-2.3986914275058e-34,-7.3633590544353e-31,-2.0774806520392e-34,1.6481905900853e-31,6.5535999344596,6553.4631597585
1.843423535337e+23,9.9999998999932e-05,0.09999791198362,-2.3986914275058e-34,-7.3633590544353e-31,-2.0774806520392e-34,1.6481905900853e-31,6.5535999344596,6553.4631597585
2.2121082424044e+23,9.9999998999932e-05,0.09999791198362,-2.3986914275058e-34,-7.3633590544353e-31,-2.0774806520392e-34,1.6481905900853e-31,6.5535999344596,6553.4631597585
2.6545298908853e+23,9.9999998999932e-05,0.09999791198362,-2.3986914275058e-34,-7.3633590544353e-31,-2.0774806520392e-34,1.6481905900853e-31,6.5535999344596,6553.4631597585
3.1854358690624e+23,9.9999998999932e-05,0.09999791198362,-2.3986914275058e-34,-7.3633590544353e-31,-2.0774806520392e-34,1.6481905900853e-31,6.5535999344596,6553.4631597585
3.8225230428748e+23,9.9999998999932e-05,0.09999791198362,-2.3986914275058e-34,-7.3633590544353e-31,-2.0774806520392e-34,1.6481905900853e-31,6.5535999344596,6553.4631597585
4.5870276514498e+23,9.9999998999932e-05,0.09999791198362,-2.3986914275058e-34,-7.3633590544353e-31,-2.0774806520392e-34,1.6481905900853e-31,6.5535999344596,6553.4631597585
5.5044331817398e+23,9.9999998999932e-05,0.09999791198362,-2.3986914275058e-34,-7.3633590544353e-31,-2.0774806520392e-34,1.6481905900853e-31,6.5535999344596,6553.4631597585
6.6053198180877e+23,9.9999998999932e-05,0.09999791198362,-2.3986914275058e-34,-7.3633590544353e-31,-2.0774806520392e-34,1.6481905900853e-31,6.5535999344596,6553.4631597585
7.9263837817052e+23,9.9999998999932e-05,0.09999791198362,-2.3986914275058e-34,-7.3633590544353e-31,-2.0774806520392e-34,1.6481905900853e-31,6.5535999344596,6553.4631597585
9.5116605380463e+23,9.9999998999932e-05,0.09999791198362,-2.3986914275058e-34,-7.3633590544353e-31,-2.0774806520392e-34,1.6481905900853e-31,6.5535999344596,6553.4631597585
1.1413992645656e+24,9.9999998999932e-05,0.09999791198362,-2.3986914275058e-34,-7.3633590544353e-31,-2.0774806520392e-34,1.6481905900853e-31,6.5535999344596,6553.4631597585
1.3696791174787e+24,9.9999998999932e-05,0.09999791198362,-2.3986914275058e-34,-7.3633590544353e-31,-2.0774806520392e-34,1.6481905900853e-31,6.5535999344596,6553.4631597585
1.6436149409744e+24,9.9999998999932e-05,0.09999791198362,-2.3986914275058e-34,-7.3633590544353e-31,-2.0774806520392e-34,1.6481905900853e-31,6.5535999344596,6553.4631597585
1.9723379291693e+24,9.9999998999932e-05,0.09999791198362,-2.3986914275058e-34,-7.3633590544353e-31,-2.0774806520392e-34,1.6481905900853e-31,6.5535999344596,6553.4631597585
2.3668055150031e+24,9.9999998999932e-05,0.09999791198362,-2.3986914275058e-34,-7.3633590544353e-31,-2.0774806520392e-34,1.6481905900853e-31,6.5535999344596,6553.4631597585
2.8401666180038e+24,9.9999998999932e-05,0.09999791198362,-2.3986914275058e-34,-7.3633590544353e-31,-2.0774806520392e-34,1.6481905900853e-31,6.5535999344596,6553.4631597585
3.4081999416045e+24,9.9999998999932e-05,0.09999791198362,-2.3986914275058e-34,-7.3633590544353e-31,-2.0774806520392e-34,1.6481905900853e-31,6.5535999344596,6553.4631597585
4.0898399299254e+24,9.9999998999932e-05,0.09999791198362,-2.3986914275058e-34,-7.3633590544353e-31,-2.0774806520392e-34,1.6481905900853e-31,6.5535999344596,6553.4631597585
4.9078079159105e+24,9.9999998999932e-05,0.09999791198362,-2.3986914275058e-34,-7.3633590544353e-31,-2.0774806520392e-34,1.6481905900853e-31,6.5535999344596,6553.4631597585
5.8893694990926e+24,9.9999998999932e-05,0.09999791198362,-2.3986914275058e-34,-7.3633590544353e-31,-2.0774806520392e-34,1.6481905900853e-31,6.5535999344596,6553.4631597585
7.0672433989111e+24,9.9999998999932e-05,0.09999791198362,-2.3986914275058e-34,-7.3633590544353e-31,-2.0774806520392e-34,1.6481905900853e-31,6.5535999344596,6553.4631597585
8.4806920786933e+24,9.9999998999932e-05,0.09999791198362,-2.3986914275058e-34,-7.3633590544353e-31,-2.0774806520392e-34,1.6481905900853e-31,6.5535999344596,6553.4631597585
1.0176830494432e+25,9.9999998999932e-05,0.09999791198362,-2.3986914275058e-34,-7.3633590544353e-31,-2.0774806520392e-34,1.6481905900853e-31,6.5535999344596,6553.4631597585
1.2212196593318e+25,9.9999998999932e-05,0.09999791198362,-2.3986914275058e-34,-7.3633590544353e-31,-2.0774806520392e-34,1.6481905900853e-31,6.5535999344596,6553.4631597585
1.4654635911982e+25,9.9999998999932e-05,0.09999791198362,-2.3986914275058e-34,-7.3633590544353e-31,-2.0774806520392e-34,1.6481905900853e-31,6.5535999344596,6553.4631597585
1.7585563094379e+25,9.9999998999932e-05,0.09999791198362,-2.3986914275058e-34,-7.3633590544353e-31,-2.0774806520392e-34,1.6481905900853e-31,6.5535999344596,6553.4631597585
2.1102675713254e+25,9.9999998999932e-05,0.09999791198362,-2.3986914275058e-34,-7.3633590544353e-31,-2.0774806520392e-34,1.6481905900853e-31,6.5535999344596,6553.4631597585
2.5323210855905e+25,9.9999998999932e-05,0.09999791198362,-2.3986914275058e-34,-7.3633590544353e-31,-2.0774806520392e-34,1.6481905900853e-31,6.5535999344596,6553.4631597585
3.0387853027086e+25,9.9999998999932e-05,0.09999791198362,-2.3986914275058e-34,-7.3633590544353e-31,-2.0774806520392e-34,1.6481905900853e-31,6.5535999344596,6553.4631597585
3.6465423632503e+25,9.9999998999932e-05,0.09999791198362,-2.3986914275058e-34,-7.3633590544353e-31,-2.0774806520392e-34,1.6481905900853e-31,6.5535999344596,6553.4631597585
4.3758508359004e+25,9.9999998999932e-05,0.09999791198362,-2.3986914275058e-34,-7.3633590544353e-31,-2.0774806520392e-34,1.6481905900853e-31,6.5535999344596,6553.4631597585
5.2510210030805e+25,9.9999998999932e-05,0.09999791198362,-2.3986914275058e-34,-7.3633590544353e-31,-2.0774806520392e-34,1.6481905900853e-31,6.5535999344596,6553.4631597585
6.3012252036966e+25,9.9999998999932e-05,0.09999791198362,-2.3986914275058e-34,-7.3633590544353e-31,-2.0774806520392e-34,1.6481905900853e-31,6.5535999344596,6553.4631597585
7.5614702444359e+25,9.9999998999932e-05,0.09999791198362,-2.3986914275058e-34,-7.3633590544353e-31,-2.0774806520392e-34,1.6481905900853e-31,6.5535999344596,6553.4631597585
9.0737642933231e+25,9.9999998999932e-05,0.09999791198362,-2.3986914275058e-34,-7.3633590544353e-31,-2.0774806520392e-34,1.6481905900853e-31,6.5535999344596,6553.4631597585
1.0888517151988e+26,9.9999998999932e-05,0.09999791198362,-2.3986914275058e-34,-7.3633590544353e-31,-2.0774806520392e-34,1.6481905900853e-31,6.5535999344596,6553.4631597585
1.3066220582385e+26,9.9999998999932e-05,0.09999791198362,-2.3986914275058e-34,-7.3633590544353e-31,-2.0774806520392e-34,1.6481905900853e-31,6.5535999344596,6553.4631597585
1.5679464698862e+26,9.9999998999932e-05,0.09999791198362,-2.3986914275058e-34,-7.3633590544353e-31,-2.0774806520392e-34,1.6481905900853e-31,6.5535999344596,6553.4631597585
1.8815357638635e+26,9.9999998999932e-05,0.09999791198362,-2.3986914275058e-34,-7.3633590544353e-31,-2.0774806520392e-34,1.6481905900853e-31,6.5535999344596,6553.4631597585
2.2578429166362e+26,9.9999998999932e-05,0.09999791198362,-2.3986914275058e-34,-7.3633590544353e-31,-2.0774806520392e-34,1.6481905900853e-31,6.5535999344596,6553.4631597585
2.7094114999634e+26,9.9999998999932e-05,0.09999791198362,-2.3986914275058e-34,-7.3633590544353e-31,-2.0774806520392e-34,1.6481905900853e-31,6.5535999344596,6553.4631597585
3.2512937999561e+26,9.9999998999932e-05,0.09999791198362,-2.3986914275058e-34,-7.3633590544353e-31,-2.0774806520392e-34,1.6481905900853e-31,6.5535999344596,6553.4631597585
3.9015525599473e+26,9.9999998999932e-05,0.09999791198362,-2.3986914275058e-34,-7.3633590544353e-31,-2.0774806520392e-34,1.6481905900853e-31,6.5535999344596,6553.4631597585
4.6818630719367e+26,9.9999998999932e-05,0.09999791198362,-2.3986914275058e-34,-7.3633590544353e-31,-2.0774806520392e-34,1.6481905900853e-31,6.5535999344596,6553.4631597585
5.6182356863241e+26,9.9999998999932e-05,0.09999791198362,-2.3986914275058e-34,-7.3633590544353e-31,-2.0774806520392e-34,1.6481905900853e-31,6.5535999344596,6553.4631597585
6.7418828235889e+26,9.9999998999932e-05,0.09999791198362,-2.3986914275058e-34,-7.3633590544353e-31,-2.0774806520392e-34,1.6481905900853e-31,6.5535999344596,6553.4631597585
8.0902593883067e+26,9.9999998999932e-05,0.09999791198362,-2.3986914275058e-34,-7.3633590544353e-31,-2.0774806520392e-34,1.6481905900853e-31,6.5535999344596,6553.4631597585
9.708311265968e+26,9.9999998999932e-05,0.09999791198362,-2.3986914275058e-34,-7.3633590544353e-31,-2.0774806520392e-34,1.6481905900853e-31,6.5535999344596,6553.4631597585
1.1649973519162e+27,9.9999998999932e-05,0.09999791198362,-2.3986914275058e-34,-7.3633590544353e-31,-2.0774806520392e-34,1.6481905900853e-31,6.5535999344596,6553.4631597585
1.3979968222994e+27,9.9999998999932e-05,0.09999791198362,-2.3986914275058e-34,-7.3633590544353e-31,-2.0774806520392e-34,1.6481905900853e-31,6.5535999344596,6553.4631597585
1.6775961867593e+27,9.9999998999932e-05,0.09999791198362,-2.3986914275058e-34,-7.3633590544353e-31,-2.0774806520392e-34,1.6481905900853e-31,6.5535999344596,6553.4631597585
2.0131154241111e+27,9.9999998999932e-05,0.09999791198362,-2.3986914275058e-34,-7.3633590544353e-31,-2.0774806520392e-34,1.6481905900853e-31,6.5535999344596,6553.4631597585
2.4157385089334e+27,9.9999998999932e-05,0.09999791198362,-2.3986914275058e-34,-7.3633590544353e-31,-2.0774806520392e-34,1.6481905900853e-31,6.5535999344596,6553.4631597585
2.89888621072e+27,9.9999998999932e-05,0.09999791198362,-2.3986914275058e-34,-7.3633590544353e-31,-2.0774806520392e-34,1.6481905900853e-31,6.5535999344596,6553.4631597585
3.478663452864e+27,9.9999998999932e-05,0.09999791198362,-2.3986914275058e-34,-7.3633590544353e-31,-2.0774806520392e-34,1.6481905900853e-31,6.5535999344596,6553.4631597585
4.1743961434368e+27,9.9999998999932e-05,0.09999791198362,-2.3986914275058e-34,-7.3633590544353e-31,-2.0774806520392e-34,1.6481905900853e-31,6.5535999344596,6553.4631597585
5.0092753721242e+27,9.9999998999932e-05,0.09999791198362,-2.3986914275058e-34,-7.3633590544353e-31,-2.0774806520392e-34,1.6481905900853e-31,6.5535999344596,6553.4631597585
6.011130446549e+27,9.9999998999932e-05,0.09999791198362,-2.3986914275058e-34,-7.3633590544353e-31,-2.0774806520392e-34,1.6481905900853e-31,6.5535999344596,6553.4631597585
7.2133565358589e+27,9.9999998999932e-05,0.09999791198362,-2.3986914275058e-34,-7.3633590544353e-31,-2.0774806520392e-34,1.6481905900853e-31,6.5535999344596,6553.4631597585
8.6560278430306e+27,9.9999998999932e-05,0.09999791198362,-2.3986914275058e-34,-7.3633590544353e-31,-2.0774806520392e-34,1.6481905900853e-31,6.5535999344596,6553.4631597585
1.0387233411637e+28,9.9999998999932e-05,0.09999791198362,-2.3986914275058e-34,-7.3633590544353e-31,-2.0774806520392e-34,1.6481905900853e-31,6.5535999344596,6553.4631597585
1.2464680093964e+28,9.9999998999932e-05,0.09999791198362,-2.3986914275058e-34,-7.3633590544353e-31,-2.0774806520392e-34,1.6481905900853e-31,6.5535999344596,6553.4631597585
1.4957616112757e+28,9.9999998999932e-05,0.09999791198362,-2.3986914275058e-34,-7.3633590544353e-31,-2.0774806520392e-34,1.6481905900853e-31,6.5535999344596,6553.4631597585
1.7949139335308e+28,9.9999998999932e-05,0.09999791198362,-2.3986914275058e-34,-7.3633590544353e-31,-2.0774806520392e-34,1.6481905900853e-31,6.5535999344596,6553.4631597585
2.153896720237e+28,9.9999998999932e-05,0.09999791198362,-2.3986914275058e-34,-7.3633590544353e-31,-2.0774806520392e-34,1.6481905900853e-31,6.5535999344596,6553.4631597585
2.5846760642844e+28,9.9999998999932e-05,0.09999791198362,-2.3986914275058e-34,-7.3633590544353e-31,-2.0774806520392e-34,1.6481905900853e-31,6.5535999344596,6553.4631597585
3.1016112771413e+28,9.9999998999932e-05,0.09999791198362,-2.3986914275058e-34,-7.3633590544353e-31,-2.0774806520392e-34,1.6481905900853e-31,6.5535999344596,6553.4631597585
3.7219335325695e+28,9.9999998999932e-05,0.09999791198362,-2.3986914275058e-34,-7.3633590544353e-31,-2.0774806520392e-34,1.6481905900853e-31,6.5535999344596,6553.4631597585
4.4663202390834e+28,9.9999998999932e-05,0.09999791198362,-2.3986914275058e-34,-7.3633590544353e-31,-2.0774806520392e-34,1.6481905900853e-31,6.5535999344596,6553.4631597585
5.3595842869001e+28,9.9999998999932e-05,0.09999791198362,-2.3986914275058e-34,-7.3633590544353e-31,-2.0774806520392e-34,1.6481905900853e-31,6.5535999344596,6553.4631597585
6.4315011442801e+28,9.9999998999932e-05,0.09999791198362,-2.3986914275058e-34,-7.3633590544353e-31,-2.0774806520392e-34,1.6481905900853e-31,6.5535999344596,6553.4631597585
7.7178013731362e+28,9.9999998999932e-05,0.09999791198362,-2.3986914275058e-34,-7.3633590544353e-31,-2.0774806520392e-34,1.6481905900853e-31,6.5535999344596,6553.4631597585
9.2613616477634e+28,9.9999998999932e-05,0.09999791198362,-2.3986914275058e-34,-7.3633590544353e-31,-2.0774806520392e-34,1.6481905900853e-31,6.5535999344596,6553.4631597585
1.1113633977316e+29,9.9999998999932e-05,0.09999791198362,-2.3986914275058e-34,-7.3633590544353e-31,-2.0774806520392e-34,1.6481905900853e-31,6.5535999344596,6553.4631597585
1.3336360772779e+29,9.9999998999932e-05,0.09999791198362,-2.3986914275058e-34,-7.3633590544353e-31,-2.0774806520392e-34,1.6481905900853e-31,6.5535999344596,6553.4631597585
1.6003632927335e+29,9.9999998999932e-05,0.09999791198362,-2.3986914275058e-34,-7.3633590544353e-31,-2.0774806520392e-34,1.6481905900853e-31,6.5535999344596,6553.4631597585
1.9204359512802e+29,9.9999998999932e-05,0.09999791198362,-2.3986914275058e-34,-7.3633590544353e-31,-2.0774806520392e-34,1.6481905900853e-31,6.5535999344596,6553.4631597585
2.3045231415363e+29,9.9999998999932e-05,0.09999791198362,-2.3986914275058e-34,-7.3633590544353e-31,-2.0774806520392e-34,1.6481905900853e-31,6.5535999344596,6553.4631597585
2.7654277698435e+29,9.9999998999932e-05,0.09999791198362,-2.3986914275058e-34,-7.3633590544353e-31,-2.0774806520392e-34,1.6481905900853e-31,6.5535999344596,6553.4631597585
3.3185133238122e+29,9.9999998999932e-05,0.09999791198362,-2.3986914275058e-34,-7.3633590544353e-31,-2.0774806520392e-34,1.6481905900853e-31,6.5535999344596,6553.4631597585
3.9822159885747e+29,9.9999998999932e-05,0.09999791198362,-2.3986914275058e-34,-7.3633590544353e-31,-2.0774806520392e-34,1.6481905900853e-31,6.5535999344596,6553.4631597585
4.7786591862896e+29,9.9999998999932e-05,0.09999791198362,-2.3986914275058e-34,-7.3633590544353e-31,-2.0774806520392e-34,1.6481905900853e-31,6.5535999344596,6553.4631597585
5.7343910235475e+29,9.9999998999932e-05,0.09999791198362,-2.3986914275058e-34,-7.3633590544353e-31,-2.0774806520392e-34,1.6481905900853e-31,6.5535999344596,6553.4631597585
6.881269228257e+29,9.9999998999932e-05,0.09999791198362,-2.3986914275058e-34,-7.3633590544353e-31,-2.0774806520392e-34,1.6481905900853e-31,6.5535999344596,6553.4631597585
8.2575230739084e+29,9.9999998999932e-05,0.09999791198362,-2.3986914275058e-34,-7.3633590544353e-31,-2.0774806520392e-34,1.6481905900853e-31,6.5535999344596,6553.4631597585
9.9090276886901e+29,9.9999998999932e-05,0.09999791198362,-2.3986914275058e-34,-7.3633590544353e-31,-2.0774806520392e-34,1.6481905900853e-31,6.5535999344596,6553.4631597585
1e+30,9.9999998999932e-05,0.09999791198362,-2.3986914275058e-34,-7.3633590544353e-31,-2.0774806520392e-34,1.6481905900853e-31,6.5535999344596,6553.4631597585
